,time,market,price,type,round,user
2523,2024-02-22 18:08:33,spades,24,sell,1,xin
2518,2024-02-22 18:08:42,hearts,40,sell,1,xin
2516,2024-02-22 18:08:44,diamonds,24,sell,1,xin
2515,2024-02-22 18:08:45,hearts,40,sell,1,xin
2514,2024-02-22 18:08:47,hearts,40,sell,1,xin
2513,2024-02-22 18:08:51,hearts,40,sell,1,xin
2509,2024-02-22 18:09:00,spades,29,sell,1,xin
2506,2024-02-22 18:09:02,spades,29,sell,1,xin
2505,2024-02-22 18:09:04,hearts,24,buy,1,xin
2503,2024-02-22 18:09:05,hearts,24,buy,1,xin
2501,2024-02-22 18:09:07,hearts,24,buy,1,xin
2500,2024-02-22 18:09:09,hearts,24,buy,1,xin
2491,2024-02-22 18:09:33,spades,28,sell,1,xin
2488,2024-02-22 18:09:36,spades,28,sell,1,xin
2480,2024-02-22 18:10:00,diamonds,17,sell,2,xin
2479,2024-02-22 18:10:02,diamonds,16,sell,2,xin
2477,2024-02-22 18:10:08,spades,28,sell,2,xin
2476,2024-02-22 18:10:09,spades,28,sell,2,xin
2475,2024-02-22 18:10:11,spades,28,sell,2,xin
2474,2024-02-22 18:10:13,spades,28,sell,2,xin
2472,2024-02-22 18:10:15,spades,28,sell,2,xin
2469,2024-02-22 18:10:16,spades,25,sell,2,xin
2467,2024-02-22 18:10:18,spades,25,sell,2,xin
2463,2024-02-22 18:10:24,hearts,24,buy,2,xin
2459,2024-02-22 18:10:26,hearts,24,buy,2,xin
2440,2024-02-22 18:10:51,diamonds,23,buy,2,xin
2435,2024-02-22 18:10:53,hearts,25,buy,2,xin
2432,2024-02-22 18:10:57,spades,24,sell,2,xin
2428,2024-02-22 18:11:11,spades,25,sell,2,xin
2426,2024-02-22 18:11:29,hearts,25,sell,3,xin
2425,2024-02-22 18:11:32,hearts,25,sell,3,xin
2423,2024-02-22 18:11:34,hearts,25,sell,3,xin
2422,2024-02-22 18:11:39,diamonds,23,buy,3,xin
2420,2024-02-22 18:11:42,diamonds,23,buy,3,xin
2418,2024-02-22 18:11:44,diamonds,23,buy,3,xin
2415,2024-02-22 18:11:53,diamonds,23,buy,3,xin
2413,2024-02-22 18:11:54,diamonds,23,buy,3,xin
2411,2024-02-22 18:11:57,diamonds,23,buy,3,xin
2408,2024-02-22 18:11:58,diamonds,23,buy,3,xin
2405,2024-02-22 18:12:08,spades,27,sell,3,xin
2388,2024-02-22 18:12:32,spades,24,sell,3,xin
2386,2024-02-22 18:12:34,spades,24,sell,3,xin
2374,2024-02-22 18:12:45,spades,26,sell,3,xin
2373,2024-02-22 18:12:47,spades,26,sell,3,xin
2372,2024-02-22 18:13:02,hearts,21,sell,4,xin
2371,2024-02-22 18:13:04,hearts,21,sell,4,xin
2369,2024-02-22 18:13:05,hearts,21,sell,4,xin
2368,2024-02-22 18:13:07,hearts,21,sell,4,xin
2366,2024-02-22 18:13:11,hearts,21,sell,4,xin
2365,2024-02-22 18:13:16,hearts,24,sell,4,xin
2363,2024-02-22 18:13:23,hearts,19,sell,4,xin
2362,2024-02-22 18:13:29,spades,29,sell,4,xin
2361,2024-02-22 18:13:31,spades,30,sell,4,xin
2360,2024-02-22 18:13:32,spades,30,sell,4,xin
2347,2024-02-22 18:13:52,diamonds,18,sell,4,xin
2345,2024-02-22 18:13:53,diamonds,21,buy,4,xin
2343,2024-02-22 18:13:55,hearts,20,buy,4,xin
2341,2024-02-22 18:13:58,hearts,20,buy,4,xin
2339,2024-02-22 18:14:00,spades,30,sell,4,xin
2337,2024-02-22 18:14:02,spades,30,sell,4,xin
2336,2024-02-22 18:14:05,spades,30,sell,4,xin
2333,2024-02-22 18:14:12,spades,30,sell,4,xin
2328,2024-02-22 18:14:34,hearts,22,sell,5,xin
2327,2024-02-22 18:14:35,hearts,22,sell,5,xin
2325,2024-02-22 18:14:37,hearts,22,sell,5,xin
2322,2024-02-22 18:14:44,diamonds,22,buy,5,xin
2321,2024-02-22 18:14:45,diamonds,22,buy,5,xin
2320,2024-02-22 18:14:47,diamonds,24,buy,5,xin
2319,2024-02-22 18:14:48,hearts,18,sell,5,xin
2318,2024-02-22 18:14:50,hearts,18,sell,5,xin
2313,2024-02-22 18:14:55,hearts,15,sell,5,xin
2311,2024-02-22 18:14:58,hearts,18,buy,5,xin
2309,2024-02-22 18:14:59,hearts,18,buy,5,xin
2306,2024-02-22 18:15:01,hearts,18,buy,5,xin
2304,2024-02-22 18:15:03,hearts,18,buy,5,xin
2302,2024-02-22 18:15:05,hearts,18,buy,5,xin
2301,2024-02-22 18:15:06,spades,31,sell,5,xin
2300,2024-02-22 18:15:06,hearts,21,buy,5,xin
2298,2024-02-22 18:15:10,hearts,22,buy,5,xin
2297,2024-02-22 18:15:16,hearts,23,sell,5,xin
2296,2024-02-22 18:15:18,hearts,23,sell,5,xin
2295,2024-02-22 18:15:20,hearts,23,sell,5,xin
2294,2024-02-22 18:15:22,hearts,23,sell,5,xin
2290,2024-02-22 18:15:27,spades,32,sell,5,xin
2286,2024-02-22 18:15:31,hearts,23,sell,5,xin
2283,2024-02-22 18:15:35,hearts,23,sell,5,xin
2276,2024-02-22 18:15:41,spades,32,sell,5,xin
2265,2024-02-22 18:16:16,hearts,23,sell,6,xin
2262,2024-02-22 18:16:17,hearts,23,sell,6,xin
2260,2024-02-22 18:16:19,diamonds,21,buy,6,xin
2258,2024-02-22 18:16:19,hearts,23,sell,6,xin
2255,2024-02-22 18:16:20,diamonds,21,buy,6,xin
2253,2024-02-22 18:16:21,spades,34,buy,6,xin
2254,2024-02-22 18:16:21,hearts,23,sell,6,xin
2250,2024-02-22 18:16:22,hearts,28,sell,6,xin
2249,2024-02-22 18:16:23,diamonds,21,buy,6,xin
2247,2024-02-22 18:16:23,spades,30,sell,6,xin
2245,2024-02-22 18:16:24,hearts,28,sell,6,xin
2244,2024-02-22 18:16:24,diamonds,21,buy,6,xin
2240,2024-02-22 18:16:26,hearts,28,sell,6,xin
2238,2024-02-22 18:16:26,diamonds,21,buy,6,xin
2235,2024-02-22 18:16:28,hearts,24,sell,6,xin
2234,2024-02-22 18:16:28,diamonds,21,buy,6,xin
2231,2024-02-22 18:16:29,hearts,18,sell,6,xin
2230,2024-02-22 18:16:30,diamonds,21,buy,6,xin
2228,2024-02-22 18:16:31,hearts,18,sell,6,xin
2227,2024-02-22 18:16:32,diamonds,21,buy,6,xin
2226,2024-02-22 18:16:33,hearts,11,sell,6,xin
2225,2024-02-22 18:16:34,diamonds,21,buy,6,xin
2223,2024-02-22 18:16:35,hearts,11,sell,6,xin
2222,2024-02-22 18:16:35,diamonds,23,buy,6,xin
2221,2024-02-22 18:16:37,hearts,11,sell,6,xin
2220,2024-02-22 18:16:37,diamonds,24,buy,6,xin
2218,2024-02-22 18:16:38,hearts,11,sell,6,xin
2217,2024-02-22 18:16:39,diamonds,24,buy,6,xin
2216,2024-02-22 18:16:40,spades,36,buy,6,xin
2215,2024-02-22 18:16:41,spades,32,sell,6,xin
2214,2024-02-22 18:16:42,hearts,9,sell,6,xin
2213,2024-02-22 18:16:42,diamonds,25,buy,6,xin
2212,2024-02-22 18:16:44,diamonds,25,buy,6,xin
2211,2024-02-22 18:16:44,hearts,9,sell,6,xin
2210,2024-02-22 18:16:45,diamonds,25,buy,6,xin
2209,2024-02-22 18:16:46,hearts,6,sell,6,xin
2208,2024-02-22 18:16:48,spades,32,sell,6,xin
2205,2024-02-22 18:16:49,spades,32,sell,6,xin
2204,2024-02-22 18:16:51,spades,32,sell,6,xin
2202,2024-02-22 18:16:53,spades,32,sell,6,xin
2200,2024-02-22 18:16:54,spades,32,sell,6,xin
2194,2024-02-22 18:17:03,spades,32,sell,6,xin
2173,2024-02-22 18:17:30,hearts,8,buy,6,xin
2170,2024-02-22 18:17:32,hearts,8,buy,6,xin
2167,2024-02-22 18:17:33,hearts,8,buy,6,xin
2158,2024-02-22 18:17:47,hearts,8,buy,7,xin
2157,2024-02-22 18:17:49,hearts,8,buy,7,xin
2156,2024-02-22 18:17:51,hearts,8,buy,7,xin
2155,2024-02-22 18:17:53,hearts,11,buy,7,xin
2153,2024-02-22 18:17:54,hearts,12,buy,7,xin
2128,2024-02-22 18:18:31,spades,35,sell,7,xin
2122,2024-02-22 18:18:36,spades,35,sell,7,xin
2119,2024-02-22 18:18:38,spades,35,sell,7,xin
2115,2024-02-22 18:18:43,spades,35,sell,7,xin
2103,2024-02-22 18:19:32,spades,35,sell,8,xin
2085,2024-02-22 18:20:02,hearts,13,sell,8,xin
2083,2024-02-22 18:20:04,spades,36,sell,8,xin
2081,2024-02-22 18:20:06,spades,36,sell,8,xin
2080,2024-02-22 18:20:07,spades,37,sell,8,xin
2079,2024-02-22 18:20:10,spades,37,sell,8,xin
2078,2024-02-22 18:20:11,spades,37,sell,8,xin
2077,2024-02-22 18:20:13,spades,37,sell,8,xin
2076,2024-02-22 18:20:15,spades,37,sell,8,xin
2075,2024-02-22 18:20:16,diamonds,24,buy,8,xin
2074,2024-02-22 18:20:19,spades,34,sell,8,xin
2070,2024-02-22 18:20:33,diamonds,23,buy,8,xin
2065,2024-02-22 18:20:57,spades,38,buy,9,xin
2063,2024-02-22 18:20:59,spades,34,sell,9,xin
2062,2024-02-22 18:21:01,spades,38,buy,9,xin
2060,2024-02-22 18:21:03,spades,34,sell,9,xin
2059,2024-02-22 18:21:04,spades,34,sell,9,xin
2048,2024-02-22 18:22:04,spades,37,sell,9,xin
2047,2024-02-22 18:22:07,spades,37,sell,9,xin
2046,2024-02-22 18:22:09,spades,37,sell,9,xin
2040,2024-02-22 18:22:29,spades,39,sell,10,xin
2038,2024-02-22 18:22:31,spades,40,sell,10,xin
2035,2024-02-22 18:22:33,spades,40,sell,10,xin
2033,2024-02-22 18:22:34,spades,40,sell,10,xin
2031,2024-02-22 18:22:36,spades,40,sell,10,xin
2029,2024-02-22 18:22:37,spades,40,sell,10,xin
2026,2024-02-22 18:22:39,spades,40,sell,10,xin
2022,2024-02-22 18:22:41,spades,40,sell,10,xin
2021,2024-02-22 18:22:42,spades,40,sell,10,xin
2018,2024-02-22 18:22:45,hearts,18,buy,10,xin
2016,2024-02-22 18:22:47,hearts,18,buy,10,xin
2014,2024-02-22 18:22:48,hearts,18,buy,10,xin
2012,2024-02-22 18:22:50,hearts,18,buy,10,xin
2010,2024-02-22 18:22:51,hearts,18,buy,10,xin
1999,2024-02-22 18:23:40,spades,38,sell,10,xin
1997,2024-02-22 18:23:42,spades,38,sell,10,xin
1995,2024-02-22 18:23:44,spades,38,sell,10,xin
1987,2024-02-22 18:24:05,hearts,21,buy,11,xin
1985,2024-02-22 18:24:08,spades,37,sell,11,xin
1984,2024-02-22 18:24:10,spades,37,sell,11,xin
1982,2024-02-22 18:24:20,hearts,23,sell,11,xin
1980,2024-02-22 18:24:21,hearts,23,sell,11,xin
1979,2024-02-22 18:24:22,diamonds,25,buy,11,xin
1977,2024-02-22 18:24:23,hearts,23,sell,11,xin
1976,2024-02-22 18:24:24,diamonds,25,buy,11,xin
1974,2024-02-22 18:24:25,hearts,22,sell,11,xin
1973,2024-02-22 18:24:26,diamonds,25,buy,11,xin
1972,2024-02-22 18:24:27,hearts,22,sell,11,xin
1971,2024-02-22 18:24:27,spades,39,sell,11,xin
1970,2024-02-22 18:24:27,diamonds,27,buy,11,xin
1969,2024-02-22 18:24:28,spades,39,sell,11,xin
1967,2024-02-22 18:24:29,diamonds,27,buy,11,xin
1968,2024-02-22 18:24:29,hearts,20,sell,11,xin
1966,2024-02-22 18:24:30,spades,39,sell,11,xin
1965,2024-02-22 18:24:31,hearts,19,sell,11,xin
1964,2024-02-22 18:24:31,diamonds,28,buy,11,xin
1963,2024-02-22 18:24:32,spades,37,sell,11,xin
1962,2024-02-22 18:24:32,hearts,19,sell,11,xin
1961,2024-02-22 18:24:33,diamonds,28,buy,11,xin
1960,2024-02-22 18:24:34,spades,37,sell,11,xin
1959,2024-02-22 18:24:35,hearts,18,sell,11,xin
1958,2024-02-22 18:24:36,spades,37,sell,11,xin
1932,2024-02-22 18:25:27,spades,36,sell,12,xin
1931,2024-02-22 18:25:28,spades,36,sell,12,xin
1930,2024-02-22 18:25:30,spades,36,sell,12,xin
1929,2024-02-22 18:25:31,spades,36,sell,12,xin
1927,2024-02-22 18:25:33,spades,34,sell,12,xin
1925,2024-02-22 18:25:34,spades,34,sell,12,xin
1924,2024-02-22 18:25:35,spades,34,sell,12,xin
1923,2024-02-22 18:25:37,spades,34,sell,12,xin
1922,2024-02-22 18:25:38,spades,34,sell,12,xin
1920,2024-02-22 18:25:40,spades,31,sell,12,xin
1909,2024-02-22 18:25:53,diamonds,21,buy,12,xin
1908,2024-02-22 18:25:55,diamonds,21,buy,12,xin
1906,2024-02-22 18:25:57,diamonds,23,buy,12,xin
1905,2024-02-22 18:25:59,spades,32,buy,12,xin
1904,2024-02-22 18:26:01,spades,32,buy,12,xin
1902,2024-02-22 18:26:02,spades,32,buy,12,xin
1900,2024-02-22 18:26:04,spades,32,buy,12,xin
1898,2024-02-22 18:26:05,spades,32,buy,12,xin
1896,2024-02-22 18:26:06,spades,32,buy,12,xin
1894,2024-02-22 18:26:08,spades,35,buy,12,xin
1891,2024-02-22 18:26:10,spades,35,buy,12,xin
1887,2024-02-22 18:26:13,spades,33,sell,12,xin
1876,2024-02-22 18:26:23,spades,39,buy,12,xin
1875,2024-02-22 18:26:24,spades,35,sell,12,xin
1873,2024-02-22 18:26:26,spades,35,sell,12,xin
1872,2024-02-22 18:26:32,spades,36,sell,12,xin
1871,2024-02-22 18:26:34,spades,36,sell,12,xin
1861,2024-02-22 18:26:59,spades,36,sell,13,xin
1860,2024-02-22 18:27:01,spades,36,sell,13,xin
1859,2024-02-22 18:27:02,spades,36,sell,13,xin
1858,2024-02-22 18:27:04,spades,36,sell,13,xin
1857,2024-02-22 18:27:05,spades,36,sell,13,xin
1855,2024-02-22 18:27:07,spades,36,sell,13,xin
1854,2024-02-22 18:27:08,spades,35,sell,13,xin
1853,2024-02-22 18:27:09,spades,35,sell,13,xin
1851,2024-02-22 18:27:11,spades,35,sell,13,xin
1849,2024-02-22 18:27:12,spades,35,sell,13,xin
1846,2024-02-22 18:27:14,spades,35,sell,13,xin
1845,2024-02-22 18:27:15,spades,35,sell,13,xin
1843,2024-02-22 18:27:17,spades,35,sell,13,xin
1841,2024-02-22 18:27:19,spades,35,sell,13,xin
1838,2024-02-22 18:27:20,spades,35,sell,13,xin
1835,2024-02-22 18:27:22,spades,35,sell,13,xin
1829,2024-02-22 18:27:28,spades,33,sell,13,xin
1828,2024-02-22 18:27:31,spades,33,sell,13,xin
1826,2024-02-22 18:27:33,spades,32,sell,13,xin
1824,2024-02-22 18:27:35,spades,32,sell,13,xin
1815,2024-02-22 18:27:47,spades,32,sell,13,xin
1813,2024-02-22 18:27:49,spades,32,sell,13,xin
1811,2024-02-22 18:27:51,spades,32,sell,13,xin
1807,2024-02-22 18:27:52,spades,32,sell,13,xin
1804,2024-02-22 18:27:54,spades,32,sell,13,xin
1801,2024-02-22 18:27:56,spades,32,sell,13,xin
1799,2024-02-22 18:27:57,spades,32,sell,13,xin
1797,2024-02-22 18:27:59,spades,32,sell,13,xin
1796,2024-02-22 18:28:00,spades,32,sell,13,xin
1794,2024-02-22 18:28:02,spades,32,sell,13,xin
1792,2024-02-22 18:28:03,spades,32,sell,13,xin
1790,2024-02-22 18:28:05,spades,32,sell,13,xin
1775,2024-02-22 18:28:22,hearts,13,sell,13,xin
1772,2024-02-22 18:28:24,spades,30,sell,13,xin
1769,2024-02-22 18:28:30,spades,30,sell,14,xin
1768,2024-02-22 18:28:32,spades,30,sell,14,xin
1767,2024-02-22 18:28:33,spades,30,sell,14,xin
1766,2024-02-22 18:28:34,spades,30,sell,14,xin
1765,2024-02-22 18:28:36,spades,30,sell,14,xin
1764,2024-02-22 18:28:37,spades,30,sell,14,xin
1763,2024-02-22 18:28:39,spades,30,sell,14,xin
1761,2024-02-22 18:28:41,spades,30,sell,14,xin
1759,2024-02-22 18:28:42,spades,30,sell,14,xin
1757,2024-02-22 18:28:44,spades,32,sell,14,xin
1753,2024-02-22 18:28:45,spades,32,sell,14,xin
1751,2024-02-22 18:28:47,spades,32,sell,14,xin
1749,2024-02-22 18:28:49,spades,32,sell,14,xin
1747,2024-02-22 18:28:50,spades,30,sell,14,xin
1745,2024-02-22 18:28:52,spades,30,sell,14,xin
1744,2024-02-22 18:28:53,spades,30,sell,14,xin
1741,2024-02-22 18:28:55,spades,27,sell,14,xin
1739,2024-02-22 18:28:59,spades,26,sell,14,xin
1738,2024-02-22 18:29:01,spades,26,sell,14,xin
1737,2024-02-22 18:29:03,spades,26,sell,14,xin
1736,2024-02-22 18:29:05,spades,26,sell,14,xin
1734,2024-02-22 18:29:10,spades,28,buy,14,xin
1730,2024-02-22 18:29:11,spades,28,buy,14,xin
1728,2024-02-22 18:29:13,spades,28,buy,14,xin
1726,2024-02-22 18:29:14,spades,28,buy,14,xin
1723,2024-02-22 18:29:16,spades,28,buy,14,xin
1721,2024-02-22 18:29:17,spades,28,buy,14,xin
1719,2024-02-22 18:29:19,spades,28,buy,14,xin
1715,2024-02-22 18:29:24,spades,28,buy,14,xin
1712,2024-02-22 18:29:27,spades,28,buy,14,xin
1709,2024-02-22 18:29:28,spades,28,buy,14,xin
1706,2024-02-22 18:29:30,spades,28,buy,14,xin
1703,2024-02-22 18:29:32,spades,28,buy,14,xin
1701,2024-02-22 18:29:33,spades,28,buy,14,xin
1690,2024-02-22 18:29:46,spades,31,buy,14,xin
1689,2024-02-22 18:29:53,spades,32,buy,14,xin
1687,2024-02-22 18:29:55,spades,32,buy,14,xin
1686,2024-02-22 18:29:57,spades,32,buy,14,xin
1685,2024-02-22 18:30:05,spades,28,sell,15,xin
1684,2024-02-22 18:30:10,spades,28,sell,15,xin
1683,2024-02-22 18:30:12,spades,28,sell,15,xin
1682,2024-02-22 18:30:14,spades,28,sell,15,xin
1681,2024-02-22 18:30:15,spades,29,sell,15,xin
1680,2024-02-22 18:30:17,spades,29,sell,15,xin
1679,2024-02-22 18:30:18,spades,26,sell,15,xin
1678,2024-02-22 18:30:19,spades,26,sell,15,xin
1677,2024-02-22 18:30:20,diamonds,26,buy,15,xin
1675,2024-02-22 18:30:21,spades,26,sell,15,xin
1674,2024-02-22 18:30:22,diamonds,27,buy,15,xin
1673,2024-02-22 18:30:22,spades,26,sell,15,xin
1671,2024-02-22 18:30:24,spades,26,sell,15,xin
1672,2024-02-22 18:30:24,diamonds,27,buy,15,xin
1669,2024-02-22 18:30:25,diamonds,28,buy,15,xin
1668,2024-02-22 18:30:26,spades,26,sell,15,xin
1665,2024-02-22 18:30:27,spades,26,sell,15,xin
1664,2024-02-22 18:30:28,diamonds,28,buy,15,xin
1663,2024-02-22 18:30:29,spades,26,sell,15,xin
1662,2024-02-22 18:30:30,diamonds,28,buy,15,xin
1661,2024-02-22 18:30:31,spades,26,sell,15,xin
1659,2024-02-22 18:30:32,diamonds,29,buy,15,xin
1658,2024-02-22 18:30:33,spades,26,sell,15,xin
1656,2024-02-22 18:30:35,spades,26,sell,15,xin
1655,2024-02-22 18:30:36,diamonds,30,buy,15,xin
1645,2024-02-22 18:30:48,spades,23,sell,15,xin
1642,2024-02-22 18:30:51,spades,23,sell,15,xin
1613,2024-02-22 18:31:19,spades,23,sell,15,xin
1610,2024-02-22 18:31:21,spades,27,buy,15,xin
1608,2024-02-22 18:31:23,spades,27,buy,15,xin
1606,2024-02-22 18:31:24,diamonds,27,buy,15,xin
1605,2024-02-22 18:31:25,spades,27,buy,15,xin
1603,2024-02-22 18:31:27,spades,27,buy,15,xin
1601,2024-02-22 18:31:29,spades,29,buy,15,xin
1598,2024-02-22 18:31:50,spades,25,sell,16,xin
1597,2024-02-22 18:31:51,spades,25,sell,16,xin
1595,2024-02-22 18:31:52,spades,26,sell,16,xin
1593,2024-02-22 18:31:54,spades,26,sell,16,xin
1590,2024-02-22 18:32:01,spades,26,sell,16,xin
1589,2024-02-22 18:32:04,spades,26,sell,16,xin
1586,2024-02-22 18:32:09,spades,25,sell,16,xin
1584,2024-02-22 18:32:10,spades,25,sell,16,xin
1582,2024-02-22 18:32:12,spades,25,sell,16,xin
1579,2024-02-22 18:32:14,spades,25,sell,16,xin
1576,2024-02-22 18:32:16,spades,25,sell,16,xin
1572,2024-02-22 18:32:18,spades,25,sell,16,xin
1566,2024-02-22 18:32:24,spades,25,sell,16,xin
1563,2024-02-22 18:32:25,spades,25,sell,16,xin
1561,2024-02-22 18:32:27,spades,25,sell,16,xin
1556,2024-02-22 18:32:31,spades,26,sell,16,xin
1551,2024-02-22 18:32:37,hearts,22,buy,16,xin
1547,2024-02-22 18:32:39,hearts,22,buy,16,xin
1544,2024-02-22 18:32:40,hearts,22,buy,16,xin
1541,2024-02-22 18:32:42,hearts,22,buy,16,xin
1538,2024-02-22 18:32:44,spades,27,buy,16,xin
1535,2024-02-22 18:32:46,spades,27,buy,16,xin
1534,2024-02-22 18:32:47,spades,29,buy,16,xin
1530,2024-02-22 18:32:49,spades,29,buy,16,xin
1527,2024-02-22 18:32:51,spades,29,buy,16,xin
1525,2024-02-22 18:32:52,spades,29,buy,16,xin
1523,2024-02-22 18:32:55,spades,28,sell,16,xin
1519,2024-02-22 18:32:57,spades,29,buy,16,xin
1516,2024-02-22 18:32:59,spades,29,buy,16,xin
1514,2024-02-22 18:33:00,spades,31,buy,16,xin
1512,2024-02-22 18:33:01,spades,31,buy,16,xin
1510,2024-02-22 18:33:03,spades,31,buy,16,xin
1507,2024-02-22 18:33:10,diamonds,26,sell,17,xin
1506,2024-02-22 18:33:12,diamonds,25,sell,17,xin
1504,2024-02-22 18:33:14,diamonds,24,sell,17,xin
1503,2024-02-22 18:33:16,diamonds,24,sell,17,xin
1502,2024-02-22 18:33:17,diamonds,24,sell,17,xin
1501,2024-02-22 18:33:19,diamonds,22,sell,17,xin
1500,2024-02-22 18:33:20,diamonds,22,sell,17,xin
1475,2024-02-22 18:34:01,spades,32,buy,17,xin
1472,2024-02-22 18:34:03,spades,32,buy,17,xin
1457,2024-02-22 18:34:28,spades,35,sell,17,xin
1456,2024-02-22 18:34:30,spades,35,sell,17,xin
1455,2024-02-22 18:34:32,spades,35,sell,17,xin
1453,2024-02-22 18:34:40,hearts,28,sell,18,xin
1452,2024-02-22 18:34:42,hearts,28,sell,18,xin
1450,2024-02-22 18:34:43,hearts,28,sell,18,xin
1448,2024-02-22 18:34:45,hearts,28,sell,18,xin
1445,2024-02-22 18:34:46,hearts,28,sell,18,xin
1443,2024-02-22 18:34:48,hearts,28,sell,18,xin
1442,2024-02-22 18:34:49,hearts,28,sell,18,xin
1439,2024-02-22 18:34:51,hearts,26,sell,18,xin
1438,2024-02-22 18:34:52,diamonds,25,buy,18,xin
1437,2024-02-22 18:34:53,spades,35,sell,18,xin
1436,2024-02-22 18:34:53,diamonds,25,buy,18,xin
1435,2024-02-22 18:34:54,spades,37,sell,18,xin
1434,2024-02-22 18:34:55,diamonds,26,buy,18,xin
1432,2024-02-22 18:34:56,spades,37,sell,18,xin
1431,2024-02-22 18:34:56,diamonds,26,buy,18,xin
1430,2024-02-22 18:34:57,spades,37,sell,18,xin
1429,2024-02-22 18:34:58,diamonds,26,buy,18,xin
1428,2024-02-22 18:34:59,spades,37,sell,18,xin
1427,2024-02-22 18:35:00,diamonds,28,buy,18,xin
1426,2024-02-22 18:35:01,spades,37,sell,18,xin
1425,2024-02-22 18:35:02,diamonds,28,buy,18,xin
1423,2024-02-22 18:35:03,diamonds,29,buy,18,xin
1424,2024-02-22 18:35:03,spades,37,sell,18,xin
1422,2024-02-22 18:35:05,spades,35,sell,18,xin
1421,2024-02-22 18:35:05,diamonds,29,buy,18,xin
1420,2024-02-22 18:35:06,spades,35,sell,18,xin
1419,2024-02-22 18:35:07,diamonds,31,buy,18,xin
1417,2024-02-22 18:35:08,spades,35,sell,18,xin
1416,2024-02-22 18:35:08,diamonds,31,buy,18,xin
1414,2024-02-22 18:35:10,spades,34,sell,18,xin
1413,2024-02-22 18:35:11,diamonds,32,buy,18,xin
1410,2024-02-22 18:35:13,hearts,19,sell,18,xin
1407,2024-02-22 18:35:16,spades,34,sell,18,xin
1398,2024-02-22 18:35:25,spades,34,sell,18,xin
1392,2024-02-22 18:35:31,diamonds,28,sell,18,xin
1390,2024-02-22 18:35:33,diamonds,27,sell,18,xin
1387,2024-02-22 18:35:34,diamonds,27,sell,18,xin
1386,2024-02-22 18:35:35,diamonds,27,sell,18,xin
1384,2024-02-22 18:35:37,diamonds,26,sell,18,xin
1381,2024-02-22 18:35:39,diamonds,25,sell,18,xin
1380,2024-02-22 18:35:40,spades,30,sell,18,xin
1379,2024-02-22 18:35:42,spades,30,sell,18,xin
1377,2024-02-22 18:35:54,spades,30,sell,18,xin
1376,2024-02-22 18:35:58,hearts,19,sell,18,xin
1374,2024-02-22 18:36:00,hearts,19,sell,18,xin
1372,2024-02-22 18:36:05,hearts,21,sell,18,xin
1369,2024-02-22 18:36:13,spades,30,sell,19,xin
1368,2024-02-22 18:36:15,spades,30,sell,19,xin
1367,2024-02-22 18:36:16,diamonds,26,buy,19,xin
1365,2024-02-22 18:36:16,spades,30,sell,19,xin
1364,2024-02-22 18:36:17,diamonds,26,buy,19,xin
1363,2024-02-22 18:36:19,spades,30,sell,19,xin
1362,2024-02-22 18:36:20,diamonds,26,buy,19,xin
1361,2024-02-22 18:36:21,spades,27,sell,19,xin
1360,2024-02-22 18:36:22,diamonds,26,buy,19,xin
1359,2024-02-22 18:36:23,spades,27,sell,19,xin
1357,2024-02-22 18:36:24,diamonds,28,buy,19,xin
1356,2024-02-22 18:36:25,spades,27,sell,19,xin
1354,2024-02-22 18:36:26,spades,27,sell,19,xin
1355,2024-02-22 18:36:26,diamonds,28,buy,19,xin
1353,2024-02-22 18:36:27,diamonds,28,buy,19,xin
1352,2024-02-22 18:36:28,spades,27,sell,19,xin
1351,2024-02-22 18:36:29,spades,24,sell,19,xin
1350,2024-02-22 18:36:30,diamonds,28,buy,19,xin
1349,2024-02-22 18:36:31,spades,24,sell,19,xin
1348,2024-02-22 18:36:32,diamonds,28,buy,19,xin
1347,2024-02-22 18:36:33,spades,24,sell,19,xin
1346,2024-02-22 18:36:35,spades,24,sell,19,xin
1345,2024-02-22 18:36:37,diamonds,29,buy,19,xin
1343,2024-02-22 18:36:52,spades,25,sell,19,xin
1341,2024-02-22 18:36:54,spades,25,sell,19,xin
1327,2024-02-22 18:37:26,spades,28,buy,19,xin
1325,2024-02-22 18:37:27,spades,28,buy,19,xin
1323,2024-02-22 18:37:28,spades,28,buy,19,xin
1321,2024-02-22 18:37:30,spades,30,buy,19,xin
1318,2024-02-22 18:37:31,spades,27,sell,19,xin
1316,2024-02-22 18:37:33,spades,27,sell,19,xin
1313,2024-02-22 18:37:48,spades,29,sell,20,xin
1312,2024-02-22 18:37:49,spades,29,sell,20,xin
1311,2024-02-22 18:37:51,spades,29,sell,20,xin
1310,2024-02-22 18:37:53,spades,25,sell,20,xin
1309,2024-02-22 18:37:54,spades,23,sell,20,xin
1308,2024-02-22 18:37:56,diamonds,28,buy,20,xin
1307,2024-02-22 18:37:56,spades,23,sell,20,xin
1306,2024-02-22 18:37:58,diamonds,28,buy,20,xin
1305,2024-02-22 18:37:58,spades,23,sell,20,xin
1304,2024-02-22 18:37:59,diamonds,29,buy,20,xin
1303,2024-02-22 18:38:00,spades,20,sell,20,xin
1302,2024-02-22 18:38:01,spades,20,sell,20,xin
1301,2024-02-22 18:38:02,diamonds,29,buy,20,xin
1300,2024-02-22 18:38:03,spades,20,sell,20,xin
1299,2024-02-22 18:38:04,diamonds,30,buy,20,xin
1298,2024-02-22 18:38:05,spades,20,sell,20,xin
1296,2024-02-22 18:38:06,diamonds,30,buy,20,xin
1295,2024-02-22 18:38:08,spades,20,sell,20,xin
1294,2024-02-22 18:38:08,diamonds,32,buy,20,xin
1292,2024-02-22 18:38:10,spades,20,sell,20,xin
1290,2024-02-22 18:38:11,diamonds,32,buy,20,xin
1289,2024-02-22 18:38:12,spades,20,sell,20,xin
1288,2024-02-22 18:38:13,diamonds,33,buy,20,xin
1287,2024-02-22 18:38:14,spades,20,sell,20,xin
1286,2024-02-22 18:38:15,diamonds,33,buy,20,xin
1285,2024-02-22 18:38:16,spades,20,sell,20,xin
1284,2024-02-22 18:38:18,spades,20,sell,20,xin
1282,2024-02-22 18:38:20,spades,20,sell,20,xin
1274,2024-02-22 18:38:28,spades,20,sell,20,xin
1271,2024-02-22 18:38:30,hearts,18,buy,20,xin
1269,2024-02-22 18:38:31,hearts,18,buy,20,xin
1266,2024-02-22 18:38:33,spades,20,sell,20,xin
1263,2024-02-22 18:38:34,spades,20,sell,20,xin
1260,2024-02-22 18:38:36,spades,20,sell,20,xin
1258,2024-02-22 18:38:37,spades,20,sell,20,xin
1254,2024-02-22 18:38:38,spades,18,sell,20,xin
1251,2024-02-22 18:38:40,spades,18,sell,20,xin
1249,2024-02-22 18:38:42,spades,18,sell,20,xin
1247,2024-02-22 18:38:43,spades,18,sell,20,xin
1243,2024-02-22 18:38:44,spades,18,sell,20,xin
1241,2024-02-22 18:38:46,spades,18,sell,20,xin
1238,2024-02-22 18:38:47,diamonds,31,buy,20,xin
1235,2024-02-22 18:38:48,diamonds,30,buy,20,xin
1232,2024-02-22 18:38:50,hearts,18,buy,20,xin
1229,2024-02-22 18:38:51,hearts,18,buy,20,xin
1227,2024-02-22 18:38:53,hearts,18,buy,20,xin
1224,2024-02-22 18:38:55,hearts,18,buy,20,xin
1222,2024-02-22 18:38:57,hearts,18,buy,20,xin
1218,2024-02-22 18:39:07,spades,18,buy,20,xin
1216,2024-02-22 18:39:08,spades,18,buy,20,xin
1214,2024-02-22 18:39:10,spades,18,buy,20,xin
1212,2024-02-22 18:39:12,spades,18,buy,20,xin
1210,2024-02-22 18:39:13,spades,18,buy,20,xin
1207,2024-02-22 18:39:14,spades,18,buy,20,xin
1202,2024-02-22 18:39:27,diamonds,22,sell,21,xin
1201,2024-02-22 18:39:29,spades,16,sell,21,xin
1200,2024-02-22 18:39:31,hearts,21,buy,21,xin
1199,2024-02-22 18:39:32,spades,16,sell,21,xin
1198,2024-02-22 18:39:32,diamonds,21,sell,21,xin
1196,2024-02-22 18:39:33,hearts,23,buy,21,xin
1195,2024-02-22 18:39:33,spades,16,sell,21,xin
1194,2024-02-22 18:39:34,diamonds,21,sell,21,xin
1192,2024-02-22 18:39:35,hearts,23,buy,21,xin
1191,2024-02-22 18:39:35,spades,16,sell,21,xin
1189,2024-02-22 18:39:36,hearts,23,buy,21,xin
1190,2024-02-22 18:39:36,diamonds,21,sell,21,xin
1188,2024-02-22 18:39:37,spades,16,sell,21,xin
1186,2024-02-22 18:39:38,hearts,25,buy,21,xin
1187,2024-02-22 18:39:38,diamonds,19,sell,21,xin
1185,2024-02-22 18:39:39,spades,19,sell,21,xin
1184,2024-02-22 18:39:39,diamonds,19,sell,21,xin
1183,2024-02-22 18:39:40,hearts,27,buy,21,xin
1182,2024-02-22 18:39:41,spades,19,sell,21,xin
1181,2024-02-22 18:39:41,diamonds,19,sell,21,xin
1180,2024-02-22 18:39:42,hearts,30,buy,21,xin
1179,2024-02-22 18:39:42,spades,19,sell,21,xin
1178,2024-02-22 18:39:43,diamonds,19,sell,21,xin
1177,2024-02-22 18:39:43,hearts,30,buy,21,xin
1176,2024-02-22 18:39:44,spades,19,sell,21,xin
1173,2024-02-22 18:39:45,diamonds,19,sell,21,xin
1170,2024-02-22 18:39:46,spades,19,sell,21,xin
1172,2024-02-22 18:39:46,hearts,34,buy,21,xin
1169,2024-02-22 18:39:47,diamonds,18,sell,21,xin
1168,2024-02-22 18:39:48,hearts,34,buy,21,xin
1167,2024-02-22 18:39:48,spades,19,sell,21,xin
1166,2024-02-22 18:39:49,diamonds,18,sell,21,xin
1165,2024-02-22 18:39:49,hearts,34,buy,21,xin
1164,2024-02-22 18:39:50,spades,19,sell,21,xin
1163,2024-02-22 18:39:50,diamonds,18,sell,21,xin
1162,2024-02-22 18:39:51,hearts,36,buy,21,xin
1161,2024-02-22 18:39:52,spades,19,sell,21,xin
1160,2024-02-22 18:39:53,diamonds,17,sell,21,xin
1159,2024-02-22 18:39:53,hearts,36,buy,21,xin
1158,2024-02-22 18:39:54,spades,19,sell,21,xin
1157,2024-02-22 18:39:55,diamonds,17,sell,21,xin
1156,2024-02-22 18:39:56,spades,19,sell,21,xin
1155,2024-02-22 18:39:56,hearts,39,buy,21,xin
1154,2024-02-22 18:39:57,diamonds,17,sell,21,xin
1152,2024-02-22 18:39:58,hearts,41,buy,21,xin
1153,2024-02-22 18:39:58,spades,19,sell,21,xin
1150,2024-02-22 18:39:59,diamonds,17,sell,21,xin
1149,2024-02-22 18:40:00,spades,19,sell,21,xin
1147,2024-02-22 18:40:01,hearts,43,buy,21,xin
1144,2024-02-22 18:40:05,hearts,41,sell,21,xin
1142,2024-02-22 18:40:07,hearts,41,sell,21,xin
1139,2024-02-22 18:40:08,hearts,41,sell,21,xin
1138,2024-02-22 18:40:10,hearts,40,sell,21,xin
1136,2024-02-22 18:40:11,spades,19,sell,21,xin
1135,2024-02-22 18:40:11,hearts,40,sell,21,xin
1132,2024-02-22 18:40:14,hearts,36,sell,21,xin
1131,2024-02-22 18:40:14,spades,19,sell,21,xin
1130,2024-02-22 18:40:15,hearts,36,sell,21,xin
1128,2024-02-22 18:40:16,spades,19,sell,21,xin
1126,2024-02-22 18:40:17,hearts,34,sell,21,xin
1125,2024-02-22 18:40:18,spades,19,sell,21,xin
1123,2024-02-22 18:40:19,hearts,32,sell,21,xin
1122,2024-02-22 18:40:20,spades,19,sell,21,xin
1120,2024-02-22 18:40:21,hearts,30,sell,21,xin
1119,2024-02-22 18:40:22,spades,19,sell,21,xin
1118,2024-02-22 18:40:23,hearts,28,sell,21,xin
1117,2024-02-22 18:40:24,spades,19,sell,21,xin
1116,2024-02-22 18:40:25,hearts,28,sell,21,xin
1115,2024-02-22 18:40:26,spades,19,sell,21,xin
1113,2024-02-22 18:40:27,hearts,26,sell,21,xin
1112,2024-02-22 18:40:28,spades,19,sell,21,xin
1111,2024-02-22 18:40:28,diamonds,20,buy,21,xin
1109,2024-02-22 18:40:30,diamonds,20,buy,21,xin
1108,2024-02-22 18:40:31,diamonds,20,buy,21,xin
1107,2024-02-22 18:40:32,hearts,22,sell,21,xin
1106,2024-02-22 18:40:32,spades,16,sell,21,xin
1105,2024-02-22 18:40:34,diamonds,19,buy,21,xin
1104,2024-02-22 18:40:34,spades,16,sell,21,xin
1103,2024-02-22 18:40:35,hearts,27,buy,21,xin
1101,2024-02-22 18:40:37,hearts,27,buy,21,xin
1099,2024-02-22 18:40:39,hearts,27,buy,21,xin
1097,2024-02-22 18:40:40,diamonds,19,buy,21,xin
1094,2024-02-22 18:40:41,diamonds,19,buy,21,xin
1093,2024-02-22 18:40:43,diamonds,19,buy,21,xin
1091,2024-02-22 18:40:44,diamonds,19,buy,21,xin
1086,2024-02-22 18:40:46,spades,14,sell,21,xin
1087,2024-02-22 18:40:46,diamonds,20,buy,21,xin
1080,2024-02-22 18:40:52,diamonds,16,sell,22,xin
1079,2024-02-22 18:40:53,diamonds,16,sell,22,xin
1077,2024-02-22 18:40:54,diamonds,15,sell,22,xin
1075,2024-02-22 18:40:56,diamonds,15,sell,22,xin
1074,2024-02-22 18:40:57,diamonds,14,sell,22,xin
1073,2024-02-22 18:40:59,diamonds,14,sell,22,xin
1072,2024-02-22 18:41:00,diamonds,14,sell,22,xin
1070,2024-02-22 18:41:01,hearts,27,buy,22,xin
1069,2024-02-22 18:41:03,diamonds,14,sell,22,xin
1068,2024-02-22 18:41:04,diamonds,14,sell,22,xin
1067,2024-02-22 18:41:06,spades,21,buy,22,xin
1066,2024-02-22 18:41:08,spades,21,buy,22,xin
1065,2024-02-22 18:41:09,spades,24,buy,22,xin
1063,2024-02-22 18:41:10,spades,24,buy,22,xin
1062,2024-02-22 18:41:12,spades,24,buy,22,xin
1061,2024-02-22 18:41:14,spades,27,buy,22,xin
1059,2024-02-22 18:41:15,spades,27,buy,22,xin
1057,2024-02-22 18:41:17,spades,27,buy,22,xin
1055,2024-02-22 18:41:18,spades,27,buy,22,xin
1046,2024-02-22 18:41:26,spades,23,sell,22,xin
1043,2024-02-22 18:41:28,spades,23,sell,22,xin
1041,2024-02-22 18:41:29,spades,23,sell,22,xin
1038,2024-02-22 18:41:30,spades,23,sell,22,xin
1036,2024-02-22 18:41:32,spades,23,sell,22,xin
1033,2024-02-22 18:41:33,spades,23,sell,22,xin
1031,2024-02-22 18:41:35,spades,15,sell,22,xin
1028,2024-02-22 18:41:37,spades,15,sell,22,xin
1023,2024-02-22 18:41:44,spades,15,buy,22,xin
1020,2024-02-22 18:41:45,spades,15,buy,22,xin
1017,2024-02-22 18:41:47,spades,15,buy,22,xin
1014,2024-02-22 18:41:48,spades,15,buy,22,xin
1011,2024-02-22 18:41:50,spades,15,buy,22,xin
1009,2024-02-22 18:41:51,spades,15,buy,22,xin
1007,2024-02-22 18:41:53,spades,15,buy,22,xin
1005,2024-02-22 18:41:54,spades,17,buy,22,xin
1002,2024-02-22 18:41:56,spades,17,buy,22,xin
999,2024-02-22 18:41:57,spades,17,buy,22,xin
997,2024-02-22 18:41:59,spades,17,buy,22,xin
995,2024-02-22 18:42:00,spades,17,buy,22,xin
993,2024-02-22 18:42:02,spades,17,buy,22,xin
991,2024-02-22 18:42:04,spades,17,buy,22,xin
990,2024-02-22 18:42:05,spades,17,buy,22,xin
989,2024-02-22 18:42:07,spades,19,buy,22,xin
987,2024-02-22 18:42:08,spades,19,buy,22,xin
985,2024-02-22 18:42:10,spades,19,buy,22,xin
983,2024-02-22 18:42:11,spades,19,buy,22,xin
980,2024-02-22 18:42:13,spades,19,buy,22,xin
977,2024-02-22 18:42:15,spades,21,buy,22,xin
976,2024-02-22 18:42:16,diamonds,21,sell,22,xin
974,2024-02-22 18:42:18,diamonds,21,sell,22,xin
971,2024-02-22 18:42:19,diamonds,21,sell,22,xin
946,2024-02-22 18:42:46,spades,20,buy,23,xin
944,2024-02-22 18:42:48,spades,20,buy,23,xin
937,2024-02-22 18:42:56,hearts,32,buy,23,xin
935,2024-02-22 18:42:58,hearts,32,buy,23,xin
934,2024-02-22 18:42:59,hearts,32,buy,23,xin
933,2024-02-22 18:43:01,hearts,32,buy,23,xin
932,2024-02-22 18:43:02,hearts,32,buy,23,xin
931,2024-02-22 18:43:04,hearts,33,buy,23,xin
930,2024-02-22 18:43:06,diamonds,19,sell,23,xin
929,2024-02-22 18:43:07,spades,21,sell,23,xin
928,2024-02-22 18:43:11,spades,21,sell,23,xin
925,2024-02-22 18:43:13,spades,21,sell,23,xin
923,2024-02-22 18:43:15,spades,21,sell,23,xin
920,2024-02-22 18:43:17,spades,21,sell,23,xin
917,2024-02-22 18:43:18,spades,21,sell,23,xin
914,2024-02-22 18:43:20,spades,21,sell,23,xin
904,2024-02-22 18:43:26,hearts,36,buy,23,xin
901,2024-02-22 18:43:28,hearts,32,sell,23,xin
899,2024-02-22 18:43:30,hearts,35,buy,23,xin
897,2024-02-22 18:43:32,hearts,34,buy,23,xin
895,2024-02-22 18:43:34,hearts,33,buy,23,xin
877,2024-02-22 18:43:58,diamonds,19,sell,24,xin
875,2024-02-22 18:44:01,diamonds,19,sell,24,xin
874,2024-02-22 18:44:01,hearts,28,buy,24,xin
872,2024-02-22 18:44:02,diamonds,16,sell,24,xin
871,2024-02-22 18:44:03,hearts,28,buy,24,xin
869,2024-02-22 18:44:04,diamonds,16,sell,24,xin
867,2024-02-22 18:44:05,hearts,28,buy,24,xin
863,2024-02-22 18:44:06,hearts,28,buy,24,xin
864,2024-02-22 18:44:06,diamonds,16,sell,24,xin
861,2024-02-22 18:44:07,diamonds,15,sell,24,xin
857,2024-02-22 18:44:09,diamonds,19,buy,24,xin
855,2024-02-22 18:44:11,hearts,28,buy,24,xin
853,2024-02-22 18:44:11,diamonds,19,buy,24,xin
850,2024-02-22 18:44:13,hearts,28,buy,24,xin
847,2024-02-22 18:44:14,spades,26,buy,24,xin
844,2024-02-22 18:44:16,hearts,28,buy,24,xin
842,2024-02-22 18:44:16,diamonds,19,buy,24,xin
840,2024-02-22 18:44:17,hearts,28,buy,24,xin
838,2024-02-22 18:44:18,spades,28,buy,24,xin
836,2024-02-22 18:44:19,diamonds,19,buy,24,xin
835,2024-02-22 18:44:19,hearts,28,buy,24,xin
833,2024-02-22 18:44:20,spades,28,buy,24,xin
831,2024-02-22 18:44:21,hearts,28,buy,24,xin
829,2024-02-22 18:44:22,spades,29,buy,24,xin
828,2024-02-22 18:44:23,hearts,28,buy,24,xin
827,2024-02-22 18:44:25,spades,26,sell,24,xin
826,2024-02-22 18:44:26,spades,26,sell,24,xin
807,2024-02-22 18:44:49,spades,28,buy,24,xin
805,2024-02-22 18:44:50,spades,28,buy,24,xin
802,2024-02-22 18:44:51,spades,28,buy,24,xin
800,2024-02-22 18:44:53,spades,28,buy,24,xin
797,2024-02-22 18:44:54,spades,28,buy,24,xin
793,2024-02-22 18:44:57,spades,28,buy,24,xin
792,2024-02-22 18:45:15,hearts,31,buy,24,xin
789,2024-02-22 18:45:17,hearts,31,buy,24,xin
787,2024-02-22 18:45:19,diamonds,18,buy,24,xin
785,2024-02-22 18:45:21,hearts,31,buy,24,xin
783,2024-02-22 18:45:22,diamonds,18,buy,24,xin
779,2024-02-22 18:45:29,spades,25,sell,25,xin
778,2024-02-22 18:45:30,spades,25,sell,25,xin
774,2024-02-22 18:45:33,spades,25,sell,25,xin
773,2024-02-22 18:45:33,hearts,31,buy,25,xin
772,2024-02-22 18:46:49,spades,25,sell,25,xin
771,2024-02-22 18:46:50,spades,25,sell,25,xin
770,2024-02-22 18:46:52,spades,25,sell,25,xin
769,2024-02-22 18:46:54,spades,25,sell,25,xin
766,2024-02-22 18:46:56,spades,25,sell,25,xin
765,2024-02-22 18:46:57,spades,25,sell,25,xin
763,2024-02-22 18:46:59,spades,25,sell,25,xin
762,2024-02-22 18:47:01,spades,25,sell,25,xin
760,2024-02-22 18:47:03,spades,28,sell,25,xin
759,2024-02-22 18:47:05,spades,28,sell,25,xin
757,2024-02-22 18:47:07,spades,28,sell,25,xin
756,2024-02-22 18:47:08,spades,28,sell,25,xin
755,2024-02-22 18:47:09,hearts,37,buy,25,xin
754,2024-02-22 18:47:10,diamonds,18,buy,25,xin
753,2024-02-22 18:47:12,hearts,39,buy,25,xin
752,2024-02-22 18:47:13,diamonds,18,buy,25,xin
751,2024-02-22 18:47:14,hearts,39,buy,25,xin
750,2024-02-22 18:47:15,diamonds,18,buy,25,xin
749,2024-02-22 18:47:16,hearts,41,buy,25,xin
748,2024-02-22 18:47:17,diamonds,18,buy,25,xin
747,2024-02-22 18:47:18,spades,28,sell,25,xin
745,2024-02-22 18:47:19,spades,28,sell,25,xin
743,2024-02-22 18:47:21,diamonds,20,buy,25,xin
744,2024-02-22 18:47:21,spades,28,sell,25,xin
742,2024-02-22 18:47:22,spades,28,sell,25,xin
741,2024-02-22 18:47:24,spades,28,sell,25,xin
740,2024-02-22 18:47:25,spades,28,sell,25,xin
739,2024-02-22 18:47:27,spades,22,sell,25,xin
738,2024-02-22 18:47:28,spades,22,sell,25,xin
737,2024-02-22 18:47:31,spades,22,sell,25,xin
735,2024-02-22 18:47:34,spades,18,sell,25,xin
734,2024-02-22 18:47:37,spades,18,sell,25,xin
733,2024-02-22 18:47:39,spades,20,sell,25,xin
732,2024-02-22 18:47:43,spades,20,sell,25,xin
730,2024-02-22 18:47:46,spades,20,sell,25,xin
727,2024-02-22 18:47:50,spades,20,sell,25,xin
725,2024-02-22 18:47:52,spades,20,sell,25,xin
723,2024-02-22 18:47:53,diamonds,22,buy,25,xin
721,2024-02-22 18:47:55,hearts,44,buy,25,xin
719,2024-02-22 18:47:56,hearts,42,buy,25,xin
717,2024-02-22 18:47:57,hearts,42,buy,25,xin
715,2024-02-22 18:48:00,spades,20,sell,25,xin
707,2024-02-22 18:48:22,hearts,41,buy,26,xin
706,2024-02-22 18:48:24,hearts,41,buy,26,xin
705,2024-02-22 18:48:25,diamonds,22,buy,26,xin
704,2024-02-22 18:48:26,hearts,41,buy,26,xin
703,2024-02-22 18:48:27,spades,22,buy,26,xin
701,2024-02-22 18:48:27,hearts,41,buy,26,xin
700,2024-02-22 18:48:28,diamonds,22,buy,26,xin
695,2024-02-22 18:48:38,spades,20,sell,26,xin
694,2024-02-22 18:48:39,diamonds,20,sell,26,xin
692,2024-02-22 18:48:41,hearts,49,buy,26,xin
691,2024-02-22 18:48:45,hearts,51,buy,26,xin
690,2024-02-22 18:48:49,hearts,53,buy,26,xin
688,2024-02-22 18:48:57,spades,20,sell,26,xin
687,2024-02-22 18:48:57,diamonds,20,sell,26,xin
686,2024-02-22 18:49:12,diamonds,24,buy,26,xin
685,2024-02-22 18:49:12,spades,24,buy,26,xin
684,2024-02-22 18:49:16,hearts,62,buy,26,xin
683,2024-02-22 18:49:18,hearts,62,buy,26,xin
681,2024-02-22 18:49:20,hearts,62,buy,26,xin
672,2024-02-22 18:49:35,hearts,58,sell,26,xin
671,2024-02-22 18:49:43,spades,25,sell,27,xin
669,2024-02-22 18:49:44,spades,25,sell,27,xin
667,2024-02-22 18:49:46,spades,23,sell,27,xin
665,2024-02-22 18:49:48,spades,23,sell,27,xin
662,2024-02-22 18:49:49,spades,21,sell,27,xin
660,2024-02-22 18:49:51,spades,21,sell,27,xin
656,2024-02-22 18:49:54,spades,22,sell,27,xin
653,2024-02-22 18:49:55,spades,22,sell,27,xin
650,2024-02-22 18:49:57,spades,22,sell,27,xin
646,2024-02-22 18:49:59,spades,22,sell,27,xin
643,2024-02-22 18:50:00,spades,22,sell,27,xin
640,2024-02-22 18:50:02,spades,22,sell,27,xin
639,2024-02-22 18:50:04,spades,22,sell,27,xin
636,2024-02-22 18:50:05,spades,20,sell,27,xin
634,2024-02-22 18:50:06,diamonds,28,buy,27,xin
633,2024-02-22 18:50:07,spades,18,sell,27,xin
631,2024-02-22 18:50:08,diamonds,32,buy,27,xin
629,2024-02-22 18:50:09,hearts,57,buy,27,xin
628,2024-02-22 18:50:10,diamonds,32,buy,27,xin
626,2024-02-22 18:50:11,hearts,57,buy,27,xin
624,2024-02-22 18:50:12,diamonds,32,buy,27,xin
622,2024-02-22 18:50:13,hearts,57,buy,27,xin
620,2024-02-22 18:50:14,diamonds,36,buy,27,xin
619,2024-02-22 18:50:14,hearts,57,buy,27,xin
617,2024-02-22 18:50:15,spades,17,sell,27,xin
615,2024-02-22 18:50:17,spades,17,sell,27,xin
613,2024-02-22 18:50:18,spades,17,sell,27,xin
611,2024-02-22 18:50:20,spades,13,sell,27,xin
609,2024-02-22 18:50:22,spades,17,buy,27,xin
607,2024-02-22 18:50:24,spades,17,buy,27,xin
606,2024-02-22 18:50:25,spades,17,buy,27,xin
605,2024-02-22 18:50:27,spades,17,buy,27,xin
604,2024-02-22 18:50:28,spades,17,buy,27,xin
602,2024-02-22 18:50:29,spades,17,buy,27,xin
600,2024-02-22 18:50:31,spades,17,buy,27,xin
598,2024-02-22 18:50:32,spades,17,buy,27,xin
597,2024-02-22 18:50:34,spades,17,buy,27,xin
596,2024-02-22 18:50:36,spades,13,sell,27,xin
595,2024-02-22 18:50:37,spades,10,sell,27,xin
593,2024-02-22 18:50:39,spades,10,sell,27,xin
591,2024-02-22 18:50:41,spades,13,buy,27,xin
589,2024-02-22 18:50:42,spades,13,buy,27,xin
588,2024-02-22 18:50:44,spades,13,buy,27,xin
586,2024-02-22 18:50:45,spades,13,buy,27,xin
584,2024-02-22 18:50:47,spades,13,buy,27,xin
567,2024-02-22 18:51:03,diamonds,33,sell,27,xin
564,2024-02-22 18:51:05,diamonds,33,sell,27,xin
561,2024-02-22 18:51:06,diamonds,33,sell,27,xin
557,2024-02-22 18:51:08,diamonds,33,sell,27,xin
553,2024-02-22 18:51:15,hearts,59,sell,28,xin
549,2024-02-22 18:51:17,diamonds,36,buy,28,xin
548,2024-02-22 18:51:18,hearts,59,sell,28,xin
546,2024-02-22 18:51:19,diamonds,37,buy,28,xin
545,2024-02-22 18:51:20,spades,13,buy,28,xin
543,2024-02-22 18:51:20,diamonds,37,buy,28,xin
542,2024-02-22 18:51:21,hearts,59,sell,28,xin
539,2024-02-22 18:51:22,diamonds,37,buy,28,xin
538,2024-02-22 18:51:22,hearts,59,sell,28,xin
537,2024-02-22 18:51:23,spades,13,buy,28,xin
535,2024-02-22 18:51:24,hearts,59,sell,28,xin
536,2024-02-22 18:51:24,diamonds,40,buy,28,xin
532,2024-02-22 18:51:26,diamonds,40,buy,28,xin
533,2024-02-22 18:51:26,spades,13,buy,28,xin
531,2024-02-22 18:51:26,hearts,57,sell,28,xin
530,2024-02-22 18:51:28,hearts,54,sell,28,xin
529,2024-02-22 18:51:28,spades,13,buy,28,xin
527,2024-02-22 18:51:29,diamonds,42,buy,28,xin
526,2024-02-22 18:51:29,hearts,54,sell,28,xin
525,2024-02-22 18:51:30,spades,16,buy,28,xin
524,2024-02-22 18:51:30,diamonds,42,buy,28,xin
523,2024-02-22 18:51:31,hearts,54,sell,28,xin
522,2024-02-22 18:51:31,spades,16,buy,28,xin
521,2024-02-22 18:51:32,diamonds,42,buy,28,xin
520,2024-02-22 18:51:32,hearts,52,sell,28,xin
519,2024-02-22 18:51:33,spades,16,buy,28,xin
518,2024-02-22 18:51:34,spades,12,sell,28,xin
517,2024-02-22 18:51:39,spades,26,sell,28,xin
516,2024-02-22 18:51:40,spades,26,sell,28,xin
513,2024-02-22 18:51:42,spades,26,sell,28,xin
510,2024-02-22 18:51:45,diamonds,44,buy,28,xin
508,2024-02-22 18:51:46,hearts,48,sell,28,xin
504,2024-02-22 18:51:48,hearts,48,sell,28,xin
499,2024-02-22 18:51:52,spades,26,sell,28,xin
497,2024-02-22 18:51:53,spades,26,sell,28,xin
495,2024-02-22 18:51:55,spades,26,sell,28,xin
493,2024-02-22 18:51:56,spades,16,sell,28,xin
491,2024-02-22 18:51:58,spades,16,sell,28,xin
489,2024-02-22 18:51:59,spades,16,sell,28,xin
488,2024-02-22 18:52:01,spades,16,sell,28,xin
485,2024-02-22 18:52:03,spades,16,sell,28,xin
481,2024-02-22 18:52:06,spades,16,sell,28,xin
478,2024-02-22 18:52:08,spades,16,sell,28,xin
474,2024-02-22 18:52:10,spades,16,sell,28,xin
472,2024-02-22 18:52:12,diamonds,38,buy,28,xin
469,2024-02-22 18:52:14,diamonds,38,buy,28,xin
467,2024-02-22 18:52:16,diamonds,38,buy,28,xin
464,2024-02-22 18:52:17,spades,16,sell,28,xin
457,2024-02-22 18:52:26,spades,16,sell,28,xin
455,2024-02-22 18:52:27,hearts,48,sell,28,xin
452,2024-02-22 18:52:47,hearts,48,sell,29,xin
451,2024-02-22 18:52:49,hearts,48,sell,29,xin
450,2024-02-22 18:52:49,diamonds,36,buy,29,xin
449,2024-02-22 18:52:50,hearts,48,sell,29,xin
448,2024-02-22 18:52:51,diamonds,36,buy,29,xin
447,2024-02-22 18:52:52,diamonds,36,buy,29,xin
446,2024-02-22 18:52:53,hearts,48,sell,29,xin
445,2024-02-22 18:52:54,spades,20,buy,29,xin
443,2024-02-22 18:52:55,diamonds,37,buy,29,xin
442,2024-02-22 18:52:55,hearts,46,sell,29,xin
440,2024-02-22 18:52:56,diamonds,37,buy,29,xin
439,2024-02-22 18:52:57,hearts,46,sell,29,xin
436,2024-02-22 18:52:58,hearts,42,sell,29,xin
437,2024-02-22 18:52:58,diamonds,37,buy,29,xin
438,2024-02-22 18:52:58,spades,20,buy,29,xin
435,2024-02-22 18:52:59,spades,20,buy,29,xin
434,2024-02-22 18:53:00,diamonds,37,buy,29,xin
433,2024-02-22 18:53:00,hearts,39,sell,29,xin
432,2024-02-22 18:53:01,spades,20,buy,29,xin
431,2024-02-22 18:53:02,diamonds,40,buy,29,xin
430,2024-02-22 18:53:03,hearts,37,sell,29,xin
429,2024-02-22 18:53:03,spades,20,buy,29,xin
428,2024-02-22 18:53:04,diamonds,40,buy,29,xin
427,2024-02-22 18:53:04,hearts,38,sell,29,xin
426,2024-02-22 18:53:05,spades,24,buy,29,xin
425,2024-02-22 18:53:06,spades,24,buy,29,xin
424,2024-02-22 18:53:08,spades,24,buy,29,xin
423,2024-02-22 18:53:09,spades,24,buy,29,xin
421,2024-02-22 18:53:11,diamonds,40,buy,29,xin
422,2024-02-22 18:53:11,hearts,34,sell,29,xin
420,2024-02-22 18:53:13,spades,26,buy,29,xin
419,2024-02-22 18:53:13,hearts,38,buy,29,xin
418,2024-02-22 18:53:14,spades,26,buy,29,xin
416,2024-02-22 18:53:15,spades,26,buy,29,xin
417,2024-02-22 18:53:15,hearts,38,buy,29,xin
412,2024-02-22 18:53:16,hearts,38,buy,29,xin
411,2024-02-22 18:53:17,spades,26,buy,29,xin
408,2024-02-22 18:53:17,hearts,38,buy,29,xin
405,2024-02-22 18:53:19,spades,26,buy,29,xin
404,2024-02-22 18:53:20,hearts,38,buy,29,xin
401,2024-02-22 18:53:21,spades,26,buy,29,xin
400,2024-02-22 18:53:22,hearts,38,buy,29,xin
397,2024-02-22 18:53:23,hearts,38,buy,29,xin
395,2024-02-22 18:53:24,spades,26,buy,29,xin
393,2024-02-22 18:53:26,spades,26,buy,29,xin
390,2024-02-22 18:53:27,diamonds,38,buy,29,xin
389,2024-02-22 18:53:27,hearts,38,buy,29,xin
386,2024-02-22 18:53:28,spades,26,buy,29,xin
384,2024-02-22 18:53:29,hearts,38,buy,29,xin
385,2024-02-22 18:53:29,diamonds,38,buy,29,xin
383,2024-02-22 18:53:31,spades,26,buy,29,xin
382,2024-02-22 18:53:31,diamonds,38,buy,29,xin
381,2024-02-22 18:53:32,hearts,38,buy,29,xin
380,2024-02-22 18:53:32,spades,26,buy,29,xin
379,2024-02-22 18:53:33,spades,26,buy,29,xin
378,2024-02-22 18:53:35,hearts,42,buy,29,xin
377,2024-02-22 18:53:36,diamonds,40,buy,29,xin
376,2024-02-22 18:53:36,spades,30,buy,29,xin
375,2024-02-22 18:53:37,diamonds,41,buy,29,xin
373,2024-02-22 18:53:38,hearts,42,buy,29,xin
372,2024-02-22 18:53:38,spades,30,buy,29,xin
371,2024-02-22 18:53:39,diamonds,41,buy,29,xin
370,2024-02-22 18:53:39,hearts,42,buy,29,xin
367,2024-02-22 18:53:40,hearts,42,buy,29,xin
369,2024-02-22 18:53:40,spades,30,buy,29,xin
366,2024-02-22 18:53:41,diamonds,43,buy,29,xin
363,2024-02-22 18:53:42,diamonds,43,buy,29,xin
364,2024-02-22 18:53:42,hearts,42,buy,29,xin
362,2024-02-22 18:53:43,spades,30,buy,29,xin
360,2024-02-22 18:53:44,diamonds,40,sell,29,xin
358,2024-02-22 18:53:45,spades,30,buy,29,xin
357,2024-02-22 18:53:45,hearts,46,buy,29,xin
356,2024-02-22 18:53:46,diamonds,44,buy,29,xin
355,2024-02-22 18:53:47,spades,30,buy,29,xin
354,2024-02-22 18:53:47,hearts,48,buy,29,xin
353,2024-02-22 18:53:47,diamonds,44,buy,29,xin
352,2024-02-22 18:53:48,spades,30,buy,29,xin
351,2024-02-22 18:53:48,hearts,50,buy,29,xin
350,2024-02-22 18:53:49,diamonds,46,buy,29,xin
347,2024-02-22 18:53:50,diamonds,46,buy,29,xin
349,2024-02-22 18:53:50,spades,30,buy,29,xin
348,2024-02-22 18:53:50,hearts,50,buy,29,xin
346,2024-02-22 18:53:52,spades,30,buy,29,xin
345,2024-02-22 18:53:52,hearts,52,buy,29,xin
344,2024-02-22 18:53:52,diamonds,52,buy,29,xin
343,2024-02-22 18:53:56,spades,34,sell,29,xin
342,2024-02-22 18:54:07,diamonds,59,sell,29,xin
340,2024-02-22 18:54:08,hearts,52,sell,29,xin
339,2024-02-22 18:54:08,spades,40,sell,29,xin
338,2024-02-22 18:54:09,diamonds,59,sell,29,xin
335,2024-02-22 18:54:10,diamonds,59,sell,29,xin
336,2024-02-22 18:54:10,hearts,52,sell,29,xin
334,2024-02-22 18:54:11,spades,40,sell,29,xin
332,2024-02-22 18:54:12,hearts,52,sell,29,xin
331,2024-02-22 18:54:12,spades,40,sell,29,xin
330,2024-02-22 18:54:13,diamonds,58,sell,29,xin
328,2024-02-22 18:54:14,hearts,52,sell,29,xin
327,2024-02-22 18:54:14,spades,40,sell,29,xin
326,2024-02-22 18:54:15,diamonds,58,sell,29,xin
324,2024-02-22 18:54:15,hearts,52,sell,29,xin
322,2024-02-22 18:54:20,spades,40,sell,30,xin
319,2024-02-22 18:54:21,spades,40,sell,30,xin
316,2024-02-22 18:54:23,diamonds,61,buy,30,xin
315,2024-02-22 18:54:24,spades,40,sell,30,xin
312,2024-02-22 18:54:25,spades,40,sell,30,xin
311,2024-02-22 18:54:29,diamonds,58,sell,30,xin
310,2024-02-22 18:54:29,hearts,52,sell,30,xin
308,2024-02-22 18:54:31,diamonds,58,sell,30,xin
307,2024-02-22 18:54:32,hearts,49,sell,30,xin
305,2024-02-22 18:54:33,diamonds,58,sell,30,xin
303,2024-02-22 18:54:34,hearts,49,sell,30,xin
302,2024-02-22 18:54:35,diamonds,58,sell,30,xin
300,2024-02-22 18:54:36,hearts,49,sell,30,xin
299,2024-02-22 18:54:36,diamonds,58,sell,30,xin
297,2024-02-22 18:54:38,diamonds,57,sell,30,xin
296,2024-02-22 18:54:39,diamonds,57,sell,30,xin
294,2024-02-22 18:54:41,diamonds,57,sell,30,xin
292,2024-02-22 18:54:42,diamonds,57,sell,30,xin
289,2024-02-22 18:54:44,diamonds,57,sell,30,xin
284,2024-02-22 18:54:47,diamonds,55,sell,30,xin
282,2024-02-22 18:54:48,diamonds,55,sell,30,xin
279,2024-02-22 18:54:50,hearts,49,sell,30,xin
276,2024-02-22 18:54:50,diamonds,55,sell,30,xin
273,2024-02-22 18:54:52,diamonds,55,sell,30,xin
271,2024-02-22 18:54:53,diamonds,55,sell,30,xin
268,2024-02-22 18:54:55,diamonds,50,sell,30,xin
265,2024-02-22 18:54:57,diamonds,50,sell,30,xin
254,2024-02-22 18:55:13,hearts,51,sell,30,xin
247,2024-02-22 18:55:25,hearts,54,sell,30,xin
246,2024-02-22 18:55:26,hearts,60,buy,30,xin
244,2024-02-22 18:55:28,hearts,56,sell,30,xin
242,2024-02-22 18:55:30,hearts,56,sell,30,xin
241,2024-02-22 18:55:31,hearts,56,sell,30,xin
237,2024-02-22 18:55:36,diamonds,50,sell,30,xin
235,2024-02-22 18:55:38,diamonds,50,sell,30,xin
233,2024-02-22 18:55:39,diamonds,50,sell,30,xin
231,2024-02-22 18:55:41,diamonds,50,sell,30,xin
225,2024-02-22 18:55:51,hearts,57,sell,31,xin
222,2024-02-22 18:55:53,hearts,57,sell,31,xin
220,2024-02-22 18:55:54,hearts,57,sell,31,xin
218,2024-02-22 18:55:56,hearts,57,sell,31,xin
215,2024-02-22 18:55:57,hearts,57,sell,31,xin
213,2024-02-22 18:55:59,hearts,30,sell,31,xin
211,2024-02-22 18:56:00,hearts,31,buy,31,xin
209,2024-02-22 18:56:02,hearts,31,buy,31,xin
207,2024-02-22 18:56:03,hearts,31,buy,31,xin
206,2024-02-22 18:56:05,hearts,31,buy,31,xin
204,2024-02-22 18:56:06,hearts,31,buy,31,xin
201,2024-02-22 18:56:08,hearts,31,buy,31,xin
198,2024-02-22 18:56:09,hearts,31,buy,31,xin
194,2024-02-22 18:56:11,hearts,31,buy,31,xin
192,2024-02-22 18:56:12,hearts,31,buy,31,xin
190,2024-02-22 18:56:14,hearts,31,buy,31,xin
188,2024-02-22 18:56:16,hearts,31,buy,31,xin
185,2024-02-22 18:56:17,hearts,31,buy,31,xin
183,2024-02-22 18:56:19,hearts,31,buy,31,xin
180,2024-02-22 18:56:20,hearts,31,buy,31,xin
176,2024-02-22 18:56:22,hearts,31,buy,31,xin
172,2024-02-22 18:56:23,hearts,31,buy,31,xin
171,2024-02-22 18:56:25,hearts,31,buy,31,xin
169,2024-02-22 18:56:27,diamonds,56,sell,31,xin
168,2024-02-22 18:56:28,hearts,33,buy,31,xin
166,2024-02-22 18:56:29,diamonds,56,sell,31,xin
165,2024-02-22 18:56:29,hearts,35,buy,31,xin
163,2024-02-22 18:56:31,diamonds,56,sell,31,xin
162,2024-02-22 18:56:31,hearts,35,buy,31,xin
160,2024-02-22 18:56:33,diamonds,58,sell,31,xin
159,2024-02-22 18:56:33,hearts,37,buy,31,xin
157,2024-02-22 18:56:34,diamonds,58,sell,31,xin
156,2024-02-22 18:56:35,hearts,40,buy,31,xin
154,2024-02-22 18:56:36,diamonds,58,sell,31,xin
153,2024-02-22 18:56:37,hearts,40,buy,31,xin
151,2024-02-22 18:56:38,hearts,41,buy,31,xin
149,2024-02-22 18:56:40,hearts,41,buy,31,xin
146,2024-02-22 18:56:43,diamonds,58,sell,31,xin
144,2024-02-22 18:56:43,hearts,42,buy,31,xin
141,2024-02-22 18:56:46,hearts,42,buy,31,xin
120,2024-02-22 18:57:10,hearts,42,buy,31,xin
107,2024-02-22 18:57:26,diamonds,61,sell,32,xin
105,2024-02-22 18:57:27,diamonds,61,sell,32,xin
103,2024-02-22 18:57:29,diamonds,61,sell,32,xin
101,2024-02-22 18:57:30,diamonds,61,sell,32,xin
99,2024-02-22 18:57:32,diamonds,39,sell,32,xin
96,2024-02-22 18:57:33,diamonds,39,sell,32,xin
94,2024-02-22 18:57:35,diamonds,39,sell,32,xin
92,2024-02-22 18:57:37,diamonds,39,sell,32,xin
89,2024-02-22 18:57:38,diamonds,49,sell,32,xin
88,2024-02-22 18:57:40,diamonds,49,sell,32,xin
87,2024-02-22 18:57:41,diamonds,49,sell,32,xin
86,2024-02-22 18:57:42,diamonds,49,sell,32,xin
85,2024-02-22 18:57:44,diamonds,49,sell,32,xin
84,2024-02-22 18:57:45,diamonds,49,sell,32,xin
83,2024-02-22 18:57:47,diamonds,49,sell,32,xin
81,2024-02-22 18:57:48,diamonds,49,sell,32,xin
80,2024-02-22 18:57:50,diamonds,49,sell,32,xin
78,2024-02-22 18:57:51,diamonds,49,sell,32,xin
77,2024-02-22 18:57:53,diamonds,49,sell,32,xin
76,2024-02-22 18:57:54,diamonds,49,sell,32,xin
74,2024-02-22 18:57:56,diamonds,49,sell,32,xin
72,2024-02-22 18:57:57,diamonds,49,sell,32,xin
70,2024-02-22 18:57:59,diamonds,49,sell,32,xin
68,2024-02-22 18:58:00,diamonds,49,sell,32,xin
66,2024-02-22 18:58:02,diamonds,49,sell,32,xin
64,2024-02-22 18:58:04,diamonds,49,sell,32,xin
62,2024-02-22 18:58:06,diamonds,49,sell,32,xin
48,2024-02-22 18:58:22,hearts,50,sell,32,xin
47,2024-02-22 18:58:22,diamonds,49,sell,32,xin
45,2024-02-22 18:58:24,diamonds,49,sell,32,xin
44,2024-02-22 18:58:25,hearts,50,sell,32,xin
42,2024-02-22 18:58:27,diamonds,49,sell,32,xin
41,2024-02-22 18:58:27,hearts,49,sell,32,xin
39,2024-02-22 18:58:29,diamonds,49,sell,32,xin
37,2024-02-22 18:58:29,hearts,49,sell,32,xin
36,2024-02-22 18:58:30,diamonds,49,sell,32,xin
34,2024-02-22 18:58:31,hearts,49,sell,32,xin
32,2024-02-22 18:58:31,diamonds,49,sell,32,xin
31,2024-02-22 18:58:33,hearts,49,sell,32,xin
30,2024-02-22 18:58:33,diamonds,49,sell,32,xin
28,2024-02-22 18:58:35,diamonds,49,sell,32,xin
26,2024-02-22 18:58:35,hearts,49,sell,32,xin
24,2024-02-22 18:58:37,diamonds,49,sell,32,xin
23,2024-02-22 18:58:37,hearts,49,sell,32,xin
20,2024-02-22 18:58:39,diamonds,49,sell,32,xin
19,2024-02-22 18:58:39,hearts,48,sell,32,xin
16,2024-02-22 18:58:41,diamonds,49,sell,32,xin
15,2024-02-22 18:58:41,hearts,47,sell,32,xin
13,2024-02-22 18:58:43,hearts,46,sell,32,xin
12,2024-02-22 18:58:44,hearts,46,sell,32,xin
11,2024-02-22 18:58:45,diamonds,48,sell,32,xin
9,2024-02-22 18:58:47,diamonds,48,sell,32,xin
8,2024-02-22 18:58:48,diamonds,48,sell,32,xin
7,2024-02-22 18:58:49,hearts,45,sell,32,xin
5,2024-02-22 18:58:50,hearts,44,sell,32,xin
4,2024-02-22 18:58:51,diamonds,48,sell,32,xin
1,2024-02-22 18:58:53,hearts,44,sell,32,xin
0,2024-02-22 18:58:55,diamonds,48,sell,32,xin
