,role,buy,round,sell,time
0,diamonds,32,1.0,28,2024-02-22 18:08:51
1,diamonds,28,1.0,24,2024-02-22 18:09:05
2,diamonds,25,1.0,21,2024-02-22 18:09:28
3,diamonds,23,1.0,19,2024-02-22 18:09:32
4,diamonds,22,1.0,18,2024-02-22 18:09:40
5,diamonds,21,1.0,17,2024-02-22 18:09:42
6,diamonds,20,2.0,16,2024-02-22 18:10:00
7,diamonds,20,2.0,17,2024-02-22 18:10:02
8,diamonds,23,2.0,20,2024-02-22 18:10:39
9,diamonds,21,2.0,17,2024-02-22 18:10:57
10,diamonds,21,2.0,18,2024-02-22 18:10:58
11,diamonds,21,2.0,18,2024-02-22 18:11:03
12,diamonds,21,2.0,17,2024-02-22 18:11:11
13,diamonds,23,3.0,19,2024-02-22 18:11:37
14,diamonds,25,3.0,21,2024-02-22 18:12:06
15,diamonds,26,3.0,22,2024-02-22 18:12:08
16,diamonds,23,3.0,19,2024-02-22 18:12:42
17,diamonds,22,3.0,19,2024-02-22 18:12:45
18,diamonds,22,3.0,20,2024-02-22 18:12:53
19,diamonds,22,3.0,18,2024-02-22 18:12:57
20,diamonds,22,4.0,19,2024-02-22 18:13:05
21,diamonds,22,4.0,18,2024-02-22 18:13:13
22,diamonds,23,4.0,19,2024-02-22 18:13:16
23,diamonds,22,4.0,18,2024-02-22 18:13:31
24,diamonds,21,4.0,18,2024-02-22 18:13:33
25,diamonds,22,5.0,19,2024-02-22 18:14:36
26,diamonds,24,5.0,21,2024-02-22 18:14:45
27,diamonds,26,5.0,23,2024-02-22 18:14:47
28,diamonds,27,5.0,25,2024-02-22 18:14:51
29,diamonds,27,5.0,23,2024-02-22 18:14:55
30,diamonds,23,5.0,19,2024-02-22 18:15:52
31,diamonds,22,5.0,18,2024-02-22 18:15:55
32,diamonds,21,5.0,17,2024-02-22 18:15:59
33,diamonds,23,6.0,19,2024-02-22 18:16:33
34,diamonds,24,6.0,20,2024-02-22 18:16:36
35,diamonds,25,6.0,21,2024-02-22 18:16:39
36,diamonds,25,6.0,21,2024-02-22 18:16:43
37,diamonds,26,6.0,22,2024-02-22 18:16:45
38,diamonds,26,6.0,22,2024-02-22 18:17:10
39,diamonds,27,7.0,23,2024-02-22 18:17:40
40,diamonds,28,7.0,24,2024-02-22 18:17:50
41,diamonds,29,7.0,25,2024-02-22 18:18:18
42,diamonds,25,7.0,21,2024-02-22 18:18:44
43,diamonds,24,7.0,20,2024-02-22 18:18:55
44,diamonds,26,8.0,22,2024-02-22 18:19:16
45,diamonds,25,8.0,21,2024-02-22 18:19:34
46,diamonds,24,8.0,20,2024-02-22 18:20:06
47,diamonds,23,8.0,19,2024-02-22 18:20:18
48,diamonds,23,8.0,19,2024-02-22 18:20:41
49,diamonds,22,9.0,18,2024-02-22 18:20:47
50,diamonds,21,9.0,17,2024-02-22 18:21:01
51,diamonds,20,9.0,16,2024-02-22 18:21:33
52,diamonds,21,9.0,17,2024-02-22 18:21:36
53,diamonds,22,10.0,18,2024-02-22 18:22:19
54,diamonds,23,10.0,19,2024-02-22 18:22:33
55,diamonds,24,10.0,20,2024-02-22 18:22:38
56,diamonds,25,10.0,21,2024-02-22 18:22:52
57,diamonds,26,10.0,22,2024-02-22 18:23:12
58,diamonds,27,10.0,23,2024-02-22 18:23:22
59,diamonds,28,10.0,24,2024-02-22 18:23:44
60,diamonds,27,10.0,23,2024-02-22 18:23:46
61,diamonds,24,11.0,21,2024-02-22 18:24:00
62,diamonds,24,11.0,20,2024-02-22 18:24:02
63,diamonds,24,11.0,20,2024-02-22 18:24:09
64,diamonds,25,11.0,21,2024-02-22 18:24:19
65,diamonds,27,11.0,23,2024-02-22 18:24:26
66,diamonds,28,11.0,24,2024-02-22 18:24:29
67,diamonds,30,11.0,26,2024-02-22 18:24:32
68,diamonds,31,11.0,27,2024-02-22 18:24:36
69,diamonds,30,11.0,26,2024-02-22 18:24:51
70,diamonds,29,11.0,25,2024-02-22 18:24:53
71,diamonds,28,11.0,24,2024-02-22 18:24:55
72,diamonds,27,11.0,23,2024-02-22 18:25:00
73,diamonds,26,11.0,22,2024-02-22 18:25:03
74,diamonds,25,11.0,21,2024-02-22 18:25:06
75,diamonds,23,11.0,19,2024-02-22 18:25:14
76,diamonds,22,11.0,18,2024-02-22 18:25:18
77,diamonds,21,12.0,17,2024-02-22 18:25:36
78,diamonds,20,12.0,16,2024-02-22 18:25:41
79,diamonds,20,12.0,16,2024-02-22 18:25:43
80,diamonds,21,12.0,17,2024-02-22 18:25:52
81,diamonds,23,12.0,19,2024-02-22 18:25:54
82,diamonds,24,12.0,20,2024-02-22 18:25:58
83,diamonds,25,12.0,21,2024-02-22 18:25:59
84,diamonds,27,12.0,23,2024-02-22 18:26:03
85,diamonds,27,12.0,23,2024-02-22 18:26:44
86,diamonds,25,13.0,21,2024-02-22 18:27:24
87,diamonds,24,13.0,20,2024-02-22 18:27:32
88,diamonds,23,13.0,19,2024-02-22 18:27:33
89,diamonds,22,13.0,18,2024-02-22 18:27:41
90,diamonds,21,13.0,17,2024-02-22 18:27:54
91,diamonds,23,14.0,19,2024-02-22 18:28:55
92,diamonds,24,14.0,20,2024-02-22 18:29:14
93,diamonds,25,14.0,21,2024-02-22 18:29:19
94,diamonds,26,15.0,22,2024-02-22 18:30:11
95,diamonds,27,15.0,23,2024-02-22 18:30:20
96,diamonds,28,15.0,24,2024-02-22 18:30:24
97,diamonds,29,15.0,25,2024-02-22 18:30:29
98,diamonds,30,15.0,26,2024-02-22 18:30:33
99,diamonds,31,15.0,27,2024-02-22 18:30:36
100,diamonds,29,15.0,25,2024-02-22 18:30:50
101,diamonds,28,15.0,24,2024-02-22 18:30:52
102,diamonds,27,15.0,23,2024-02-22 18:31:00
103,diamonds,26,15.0,22,2024-02-22 18:31:13
104,diamonds,27,15.0,23,2024-02-22 18:31:17
105,diamonds,29,16.0,25,2024-02-22 18:31:49
106,diamonds,30,16.0,26,2024-02-22 18:32:08
107,diamonds,29,17.0,25,2024-02-22 18:33:10
108,diamonds,28,17.0,24,2024-02-22 18:33:13
109,diamonds,26,17.0,22,2024-02-22 18:33:17
110,diamonds,24,17.0,20,2024-02-22 18:33:21
111,diamonds,23,17.0,19,2024-02-22 18:33:30
112,diamonds,24,17.0,20,2024-02-22 18:33:45
113,diamonds,25,17.0,21,2024-02-22 18:33:51
114,diamonds,26,18.0,22,2024-02-22 18:34:53
115,diamonds,28,18.0,24,2024-02-22 18:34:58
116,diamonds,29,18.0,25,2024-02-22 18:35:01
117,diamonds,31,18.0,27,2024-02-22 18:35:05
118,diamonds,32,18.0,28,2024-02-22 18:35:09
119,diamonds,33,18.0,29,2024-02-22 18:35:15
120,diamonds,32,18.0,28,2024-02-22 18:35:18
121,diamonds,31,18.0,27,2024-02-22 18:35:31
122,diamonds,30,18.0,26,2024-02-22 18:35:34
123,diamonds,29,18.0,25,2024-02-22 18:35:36
124,diamonds,26,18.0,22,2024-02-22 18:36:07
125,diamonds,28,19.0,24,2024-02-22 18:36:21
126,diamonds,29,19.0,25,2024-02-22 18:36:33
127,diamonds,28,19.0,24,2024-02-22 18:37:05
128,diamonds,27,19.0,23,2024-02-22 18:37:12
129,diamonds,26,19.0,22,2024-02-22 18:37:42
130,diamonds,28,20.0,24,2024-02-22 18:37:51
131,diamonds,29,20.0,25,2024-02-22 18:37:57
132,diamonds,30,20.0,26,2024-02-22 18:38:02
133,diamonds,32,20.0,28,2024-02-22 18:38:06
134,diamonds,33,20.0,29,2024-02-22 18:38:11
135,diamonds,31,20.0,27,2024-02-22 18:38:44
136,diamonds,30,20.0,26,2024-02-22 18:38:47
137,diamonds,29,20.0,25,2024-02-22 18:38:48
138,diamonds,28,20.0,24,2024-02-22 18:38:51
139,diamonds,26,21.0,22,2024-02-22 18:39:26
140,diamonds,25,21.0,21,2024-02-22 18:39:29
141,diamonds,23,21.0,19,2024-02-22 18:39:37
142,diamonds,22,21.0,18,2024-02-22 18:39:44
143,diamonds,21,21.0,17,2024-02-22 18:39:51
144,diamonds,20,21.0,16,2024-02-22 18:39:58
145,diamonds,19,21.0,15,2024-02-22 18:40:32
146,diamonds,20,21.0,16,2024-02-22 18:40:43
147,diamonds,19,22.0,15,2024-02-22 18:40:53
148,diamonds,18,22.0,14,2024-02-22 18:40:55
149,diamonds,17,22.0,13,2024-02-22 18:41:04
150,diamonds,16,22.0,12,2024-02-22 18:41:11
151,diamonds,17,22.0,13,2024-02-22 18:41:28
152,diamonds,17,22.0,13,2024-02-22 18:41:35
153,diamonds,18,22.0,14,2024-02-22 18:41:47
154,diamonds,19,22.0,15,2024-02-22 18:41:48
155,diamonds,21,22.0,17,2024-02-22 18:41:53
156,diamonds,25,22.0,21,2024-02-22 18:42:01
157,diamonds,24,22.0,20,2024-02-22 18:42:21
158,diamonds,23,23.0,19,2024-02-22 18:42:57
159,diamonds,20,24.0,16,2024-02-22 18:44:01
160,diamonds,19,24.0,15,2024-02-22 18:44:05
161,diamonds,18,24.0,14,2024-02-22 18:44:43
162,diamonds,20,25.0,16,2024-02-22 18:47:17
163,diamonds,22,25.0,18,2024-02-22 18:47:26
164,diamonds,22,26.0,20,2024-02-22 18:48:24
165,diamonds,24,26.0,20,2024-02-22 18:48:42
166,diamonds,24,26.0,20,2024-02-22 18:49:15
167,diamonds,25,27.0,21,2024-02-22 18:49:52
168,diamonds,28,27.0,24,2024-02-22 18:50:03
169,diamonds,32,27.0,29,2024-02-22 18:50:07
170,diamonds,36,27.0,32,2024-02-22 18:50:11
171,diamonds,40,27.0,36,2024-02-22 18:50:15
172,diamonds,41,27.0,38,2024-02-22 18:50:26
173,diamonds,40,27.0,36,2024-02-22 18:50:33
174,diamonds,40,27.0,37,2024-02-22 18:50:39
175,diamonds,40,27.0,38,2024-02-22 18:50:44
176,diamonds,40,27.0,37,2024-02-22 18:50:45
177,diamonds,40,27.0,36,2024-02-22 18:50:47
178,diamonds,39,27.0,35,2024-02-22 18:50:50
179,diamonds,37,27.0,33,2024-02-22 18:50:53
180,diamonds,36,27.0,32,2024-02-22 18:51:12
181,diamonds,37,28.0,33,2024-02-22 18:51:18
182,diamonds,40,28.0,36,2024-02-22 18:51:22
183,diamonds,42,28.0,38,2024-02-22 18:51:26
184,diamonds,44,28.0,40,2024-02-22 18:51:35
185,diamonds,43,28.0,39,2024-02-22 18:51:48
186,diamonds,42,28.0,38,2024-02-22 18:51:51
187,diamonds,42,28.0,38,2024-02-22 18:51:52
188,diamonds,41,28.0,37,2024-02-22 18:51:57
189,diamonds,40,28.0,36,2024-02-22 18:52:01
190,diamonds,40,28.0,36,2024-02-22 18:52:02
191,diamonds,38,28.0,34,2024-02-22 18:52:09
192,diamonds,37,28.0,33,2024-02-22 18:52:20
193,diamonds,36,28.0,32,2024-02-22 18:52:23
194,diamonds,37,29.0,33,2024-02-22 18:52:51
195,diamonds,40,29.0,36,2024-02-22 18:53:01
196,diamonds,38,29.0,36,2024-02-22 18:53:13
197,diamonds,38,29.0,34,2024-02-22 18:53:17
198,diamonds,40,29.0,36,2024-02-22 18:53:30
199,diamonds,40,29.0,37,2024-02-22 18:53:33
200,diamonds,41,29.0,37,2024-02-22 18:53:36
201,diamonds,43,29.0,40,2024-02-22 18:53:39
202,diamonds,44,29.0,40,2024-02-22 18:53:42
203,diamonds,46,29.0,42,2024-02-22 18:53:46
204,diamonds,52,29.0,48,2024-02-22 18:53:51
205,diamonds,58,29.0,54,2024-02-22 18:53:55
206,diamonds,61,29.0,59,2024-02-22 18:54:02
207,diamonds,62,29.0,59,2024-02-22 18:54:07
208,diamonds,61,29.0,58,2024-02-22 18:54:10
209,diamonds,62,30.0,58,2024-02-22 18:54:32
210,diamonds,61,30.0,57,2024-02-22 18:54:36
211,diamonds,59,30.0,55,2024-02-22 18:54:44
212,diamonds,58,30.0,55,2024-02-22 18:54:46
213,diamonds,54,30.0,50,2024-02-22 18:54:54
214,diamonds,53,30.0,50,2024-02-22 18:55:08
215,diamonds,54,30.0,50,2024-02-22 18:55:10
216,diamonds,54,30.0,50,2024-02-22 18:55:37
217,diamonds,56,31.0,52,2024-02-22 18:55:54
218,diamonds,58,31.0,54,2024-02-22 18:55:58
219,diamonds,59,31.0,55,2024-02-22 18:56:17
220,diamonds,60,31.0,56,2024-02-22 18:56:23
221,diamonds,62,31.0,58,2024-02-22 18:56:31
222,diamonds,59,31.0,58,2024-02-22 18:56:36
223,diamonds,60,31.0,58,2024-02-22 18:56:37
224,diamonds,61,31.0,59,2024-02-22 18:57:07
225,diamonds,62,31.0,60,2024-02-22 18:57:09
226,diamonds,62,31.0,61,2024-02-22 18:57:12
227,diamonds,63,31.0,61,2024-02-22 18:57:14
228,diamonds,42,32.0,39,2024-02-22 18:57:29
229,diamonds,51,32.0,49,2024-02-22 18:57:36
230,diamonds,52,32.0,50,2024-02-22 18:58:06
231,diamonds,51,32.0,49,2024-02-22 18:58:09
232,diamonds,49,32.0,48,2024-02-22 18:58:43
233,spades,32,1.0,29,2024-02-22 18:08:46
234,spades,32,1.0,28,2024-02-22 18:09:14
235,spades,32,1.0,28,2024-02-22 18:09:17
236,spades,30,1.0,26,2024-02-22 18:09:49
237,spades,32,2.0,28,2024-02-22 18:10:02
238,spades,32,2.0,28,2024-02-22 18:10:08
239,spades,29,2.0,25,2024-02-22 18:10:12
240,spades,26,2.0,22,2024-02-22 18:10:18
241,spades,28,2.0,24,2024-02-22 18:10:38
242,spades,28,2.0,25,2024-02-22 18:11:03
243,spades,29,2.0,25,2024-02-22 18:11:06
244,spades,31,3.0,27,2024-02-22 18:11:35
245,spades,28,3.0,24,2024-02-22 18:12:15
246,spades,30,3.0,26,2024-02-22 18:12:42
247,spades,32,3.0,28,2024-02-22 18:12:47
248,spades,33,4.0,29,2024-02-22 18:13:11
249,spades,34,4.0,30,2024-02-22 18:13:26
250,spades,32,4.0,28,2024-02-22 18:13:33
251,spades,34,4.0,30,2024-02-22 18:13:56
252,spades,34,5.0,30,2024-02-22 18:14:38
253,spades,35,5.0,31,2024-02-22 18:14:41
254,spades,34,5.0,32,2024-02-22 18:15:13
255,spades,34,5.0,30,2024-02-22 18:15:41
256,spades,34,5.0,30,2024-02-22 18:15:58
257,spades,36,6.0,32,2024-02-22 18:16:35
258,spades,38,7.0,34,2024-02-22 18:17:46
259,spades,38,7.0,35,2024-02-22 18:17:49
260,spades,38,7.0,36,2024-02-22 18:17:57
261,spades,37,7.0,34,2024-02-22 18:18:01
262,spades,37,7.0,34,2024-02-22 18:18:06
263,spades,37,7.0,35,2024-02-22 18:18:11
264,spades,39,7.0,35,2024-02-22 18:18:18
265,spades,37,7.0,33,2024-02-22 18:18:45
266,spades,39,8.0,35,2024-02-22 18:19:20
267,spades,40,8.0,36,2024-02-22 18:19:29
268,spades,40,8.0,37,2024-02-22 18:20:03
269,spades,38,8.0,34,2024-02-22 18:20:13
270,spades,38,9.0,34,2024-02-22 18:20:57
271,spades,40,9.0,36,2024-02-22 18:21:06
272,spades,40,9.0,37,2024-02-22 18:21:11
273,spades,40,9.0,38,2024-02-22 18:22:06
274,spades,42,10.0,38,2024-02-22 18:22:22
275,spades,42,10.0,39,2024-02-22 18:22:25
276,spades,42,10.0,40,2024-02-22 18:22:27
277,spades,42,10.0,38,2024-02-22 18:22:42
278,spades,41,10.0,38,2024-02-22 18:23:37
279,spades,41,10.0,37,2024-02-22 18:23:42
280,spades,43,11.0,39,2024-02-22 18:24:09
281,spades,41,11.0,37,2024-02-22 18:24:27
282,spades,40,11.0,36,2024-02-22 18:24:33
283,spades,38,12.0,34,2024-02-22 18:25:27
284,spades,35,12.0,31,2024-02-22 18:25:36
285,spades,32,12.0,29,2024-02-22 18:25:40
286,spades,32,12.0,28,2024-02-22 18:25:57
287,spades,35,12.0,31,2024-02-22 18:26:04
288,spades,37,12.0,33,2024-02-22 18:26:08
289,spades,39,12.0,35,2024-02-22 18:26:18
290,spades,39,12.0,35,2024-02-22 18:26:22
291,spades,40,12.0,36,2024-02-22 18:26:28
292,spades,38,13.0,35,2024-02-22 18:27:04
293,spades,37,13.0,35,2024-02-22 18:27:07
294,spades,37,13.0,33,2024-02-22 18:27:20
295,spades,36,13.0,32,2024-02-22 18:27:30
296,spades,36,13.0,34,2024-02-22 18:27:32
297,spades,34,13.0,32,2024-02-22 18:27:34
298,spades,34,13.0,30,2024-02-22 18:28:02
299,spades,36,14.0,32,2024-02-22 18:28:40
300,spades,34,14.0,30,2024-02-22 18:28:45
301,spades,30,14.0,27,2024-02-22 18:28:51
302,spades,30,14.0,26,2024-02-22 18:28:53
303,spades,28,14.0,24,2024-02-22 18:29:03
304,spades,27,14.0,24,2024-02-22 18:29:18
305,spades,28,14.0,24,2024-02-22 18:29:19
306,spades,31,14.0,27,2024-02-22 18:29:40
307,spades,32,14.0,28,2024-02-22 18:29:44
308,spades,32,15.0,28,2024-02-22 18:29:59
309,spades,33,15.0,29,2024-02-22 18:30:11
310,spades,30,15.0,26,2024-02-22 18:30:14
311,spades,27,15.0,23,2024-02-22 18:30:37
312,spades,29,15.0,25,2024-02-22 18:31:25
313,spades,30,16.0,26,2024-02-22 18:31:49
314,spades,28,16.0,26,2024-02-22 18:31:57
315,spades,27,16.0,26,2024-02-22 18:32:00
316,spades,27,16.0,25,2024-02-22 18:32:04
317,spades,27,16.0,26,2024-02-22 18:32:24
318,spades,29,16.0,28,2024-02-22 18:32:43
319,spades,29,16.0,28,2024-02-22 18:32:51
320,spades,31,16.0,28,2024-02-22 18:32:56
321,spades,32,17.0,30,2024-02-22 18:33:17
322,spades,32,17.0,28,2024-02-22 18:33:21
323,spades,32,17.0,30,2024-02-22 18:33:48
324,spades,32,17.0,31,2024-02-22 18:33:53
325,spades,35,17.0,31,2024-02-22 18:34:05
326,spades,37,17.0,33,2024-02-22 18:34:08
327,spades,37,17.0,35,2024-02-22 18:34:22
328,spades,38,18.0,35,2024-02-22 18:34:44
329,spades,39,18.0,37,2024-02-22 18:34:50
330,spades,38,18.0,37,2024-02-22 18:34:59
331,spades,38,18.0,35,2024-02-22 18:35:01
332,spades,36,18.0,34,2024-02-22 18:35:05
333,spades,32,18.0,30,2024-02-22 18:35:26
334,spades,32,18.0,30,2024-02-22 18:35:32
335,spades,31,19.0,27,2024-02-22 18:36:17
336,spades,27,19.0,24,2024-02-22 18:36:25
337,spades,27,19.0,25,2024-02-22 18:36:37
338,spades,28,19.0,26,2024-02-22 18:37:17
339,spades,28,19.0,26,2024-02-22 18:37:20
340,spades,30,19.0,27,2024-02-22 18:37:25
341,spades,31,19.0,27,2024-02-22 18:37:27
342,spades,33,19.0,29,2024-02-22 18:37:32
343,spades,29,20.0,25,2024-02-22 18:37:48
344,spades,27,20.0,23,2024-02-22 18:37:50
345,spades,24,20.0,20,2024-02-22 18:37:55
346,spades,22,20.0,18,2024-02-22 18:38:34
347,spades,20,20.0,16,2024-02-22 18:38:51
348,spades,18,20.0,16,2024-02-22 18:38:57
349,spades,18,20.0,16,2024-02-22 18:39:03
350,spades,20,20.0,16,2024-02-22 18:39:13
351,spades,23,21.0,19,2024-02-22 18:39:33
352,spades,21,21.0,19,2024-02-22 18:39:52
353,spades,23,21.0,19,2024-02-22 18:40:19
354,spades,20,21.0,16,2024-02-22 18:40:29
355,spades,19,21.0,16,2024-02-22 18:40:33
356,spades,19,21.0,15,2024-02-22 18:40:39
357,spades,18,21.0,14,2024-02-22 18:40:42
358,spades,21,22.0,17,2024-02-22 18:41:01
359,spades,24,22.0,20,2024-02-22 18:41:04
360,spades,27,22.0,23,2024-02-22 18:41:10
361,spades,17,22.0,15,2024-02-22 18:41:30
362,spades,17,22.0,13,2024-02-22 18:41:33
363,spades,15,22.0,13,2024-02-22 18:41:37
364,spades,15,22.0,13,2024-02-22 18:41:41
365,spades,17,22.0,13,2024-02-22 18:41:50
366,spades,19,22.0,15,2024-02-22 18:42:02
367,spades,21,22.0,17,2024-02-22 18:42:10
368,spades,22,22.0,18,2024-02-22 18:42:16
369,spades,24,23.0,20,2024-02-22 18:42:35
370,spades,20,23.0,16,2024-02-22 18:42:42
371,spades,18,23.0,16,2024-02-22 18:42:48
372,spades,25,23.0,21,2024-02-22 18:42:58
373,spades,25,23.0,21,2024-02-22 18:43:01
374,spades,23,23.0,21,2024-02-22 18:43:10
375,spades,23,23.0,22,2024-02-22 18:43:23
376,spades,26,24.0,24,2024-02-22 18:44:10
377,spades,28,24.0,24,2024-02-22 18:44:14
378,spades,29,24.0,26,2024-02-22 18:44:19
379,spades,28,24.0,25,2024-02-22 18:44:28
380,spades,28,25.0,25,2024-02-22 18:46:55
381,spades,30,25.0,28,2024-02-22 18:47:01
382,spades,30,25.0,28,2024-02-22 18:47:06
383,spades,26,25.0,22,2024-02-22 18:47:25
384,spades,22,25.0,18,2024-02-22 18:47:32
385,spades,22,25.0,20,2024-02-22 18:47:37
386,spades,22,25.0,20,2024-02-22 18:47:39
387,spades,24,26.0,23,2024-02-22 18:49:01
388,spades,24,26.0,23,2024-02-22 18:49:03
389,spades,26,26.0,25,2024-02-22 18:49:37
390,spades,24,27.0,23,2024-02-22 18:49:45
391,spades,22,27.0,21,2024-02-22 18:49:49
392,spades,23,27.0,22,2024-02-22 18:49:52
393,spades,21,27.0,20,2024-02-22 18:50:04
394,spades,21,27.0,18,2024-02-22 18:50:06
395,spades,21,27.0,17,2024-02-22 18:50:08
396,spades,17,27.0,13,2024-02-22 18:50:18
397,spades,13,27.0,10,2024-02-22 18:50:36
398,spades,13,27.0,9,2024-02-22 18:50:40
399,spades,16,28.0,12,2024-02-22 18:51:28
400,spades,30,28.0,026,2024-02-22 18:51:37
401,spades,30,28.0,026,2024-02-22 18:51:39
402,spades,30,28.0,026,2024-02-22 18:51:44
403,spades,20,28.0,16,2024-02-22 18:51:55
404,spades,24,29.0,20,2024-02-22 18:53:04
405,spades,26,29.0,22,2024-02-22 18:53:10
406,spades,26,29.0,24,2024-02-22 18:53:12
407,spades,30,29.0,034,2024-02-22 18:53:34
408,spades,44,29.0,40,2024-02-22 18:53:55
409,spades,44,29.0,40,2024-02-22 18:53:59
410,spades,03,30.0,0,2024-02-22 18:54:25
411,spades,03,30.0,0,2024-02-22 18:54:29
412,hearts,41,1.0,40,2024-02-22 18:08:34
413,hearts,25,1.0,22,2024-02-22 18:08:57
414,hearts,24,1.0,20,2024-02-22 18:09:00
415,hearts,24,1.0,21,2024-02-22 18:09:01
416,hearts,25,2.0,21,2024-02-22 18:10:04
417,hearts,25,2.0,22,2024-02-22 18:10:06
418,hearts,24,2.0,22,2024-02-22 18:10:10
419,hearts,25,2.0,23,2024-02-22 18:10:38
420,hearts,25,2.0,24,2024-02-22 18:10:40
421,hearts,28,2.0,25,2024-02-22 18:10:59
422,hearts,27,3.0,24,2024-02-22 18:11:57
423,hearts,26,3.0,23,2024-02-22 18:12:02
424,hearts,24,3.0,21,2024-02-22 18:12:05
425,hearts,25,4.0,23,2024-02-22 18:13:11
426,hearts,26,4.0,24,2024-02-22 18:13:13
427,hearts,23,4.0,21,2024-02-22 18:13:17
428,hearts,23,4.0,19,2024-02-22 18:13:18
429,hearts,21,4.0,19,2024-02-22 18:13:19
430,hearts,21,4.0,17,2024-02-22 18:13:23
431,hearts,21,4.0,17,2024-02-22 18:13:31
432,hearts,20,4.0,16,2024-02-22 18:13:34
433,hearts,21,4.0,17,2024-02-22 18:14:07
434,hearts,22,4.0,18,2024-02-22 18:14:09
435,hearts,22,4.0,19,2024-02-22 18:14:12
436,hearts,22,4.0,20,2024-02-22 18:14:17
437,hearts,23,4.0,21,2024-02-22 18:14:23
438,hearts,24,4.0,22,2024-02-22 18:14:25
439,hearts,23,5.0,21,2024-02-22 18:14:44
440,hearts,22,5.0,18,2024-02-22 18:14:46
441,hearts,18,5.0,15,2024-02-22 18:14:53
442,hearts,19,5.0,16,2024-02-22 18:15:02
443,hearts,20,5.0,17,2024-02-22 18:15:03
444,hearts,21,5.0,18,2024-02-22 18:15:05
445,hearts,21,5.0,19,2024-02-22 18:15:07
446,hearts,22,5.0,20,2024-02-22 18:15:09
447,hearts,24,5.0,21,2024-02-22 18:15:13
448,hearts,25,5.0,23,2024-02-22 18:15:15
449,hearts,30,6.0,28,2024-02-22 18:16:21
450,hearts,22,6.0,24,2024-02-22 18:16:26
451,hearts,19,6.0,18,2024-02-22 18:16:29
452,hearts,14,6.0,11,2024-02-22 18:16:33
453,hearts,10,6.0,9,2024-02-22 18:16:41
454,hearts,9,6.0,6,2024-02-22 18:16:45
455,hearts,7,6.0,3,2024-02-22 18:16:47
456,hearts,6,6.0,2,2024-02-22 18:16:52
457,hearts,4,6.0,1,2024-02-22 18:16:55
458,hearts,6,6.0,4,2024-02-22 18:17:05
459,hearts,8,6.0,7,2024-02-22 18:17:07
460,hearts,9,6.0,8,2024-02-22 18:17:12
461,hearts,9,6.0,6,2024-02-22 18:17:14
462,hearts,8,6.0,6,2024-02-22 18:17:16
463,hearts,11,7.0,8,2024-02-22 18:17:51
464,hearts,12,7.0,9,2024-02-22 18:17:54
465,hearts,14,7.0,11,2024-02-22 18:17:56
466,hearts,16,7.0,12,2024-02-22 18:17:58
467,hearts,15,8.0,11,2024-02-22 18:19:48
468,hearts,16,8.0,13,2024-02-22 18:19:54
469,hearts,16,8.0,15,2024-02-22 18:20:06
470,hearts,18,8.0,15,2024-02-22 18:20:07
471,hearts,19,10.0,16,2024-02-22 18:23:12
472,hearts,20,10.0,17,2024-02-22 18:23:14
473,hearts,20,10.0,16,2024-02-22 18:23:18
474,hearts,21,10.0,17,2024-02-22 18:23:25
475,hearts,23,11.0,19,2024-02-22 18:24:08
476,hearts,24,11.0,20,2024-02-22 18:24:10
477,hearts,25,11.0,21,2024-02-22 18:24:12
478,hearts,26,11.0,22,2024-02-22 18:24:14
479,hearts,27,11.0,23,2024-02-22 18:24:16
480,hearts,26,11.0,22,2024-02-22 18:24:24
481,hearts,24,11.0,20,2024-02-22 18:24:27
482,hearts,23,11.0,19,2024-02-22 18:24:29
483,hearts,22,11.0,18,2024-02-22 18:24:33
484,hearts,20,11.0,16,2024-02-22 18:24:35
485,hearts,18,11.0,14,2024-02-22 18:24:38
486,hearts,17,11.0,13,2024-02-22 18:24:42
487,hearts,16,11.0,13,2024-02-22 18:25:19
488,hearts,15,12.0,13,2024-02-22 18:26:44
489,hearts,15,12.0,13,2024-02-22 18:26:54
490,hearts,17,15.0,15,2024-02-22 18:30:11
491,hearts,17,15.0,16,2024-02-22 18:30:16
492,hearts,18,15.0,16,2024-02-22 18:30:19
493,hearts,18,15.0,17,2024-02-22 18:30:21
494,hearts,19,15.0,17,2024-02-22 18:30:25
495,hearts,21,15.0,18,2024-02-22 18:30:33
496,hearts,22,15.0,19,2024-02-22 18:30:35
497,hearts,21,16.0,19,2024-02-22 18:31:52
498,hearts,22,16.0,20,2024-02-22 18:32:22
499,hearts,23,17.0,21,2024-02-22 18:33:08
500,hearts,25,17.0,23,2024-02-22 18:33:16
501,hearts,26,17.0,24,2024-02-22 18:33:19
502,hearts,27,17.0,25,2024-02-22 18:33:23
503,hearts,28,17.0,26,2024-02-22 18:33:49
504,hearts,29,17.0,27,2024-02-22 18:33:51
505,hearts,30,17.0,28,2024-02-22 18:34:33
506,hearts,29,18.0,26,2024-02-22 18:34:50
507,hearts,27,18.0,23,2024-02-22 18:34:52
508,hearts,25,18.0,21,2024-02-22 18:34:54
509,hearts,23,18.0,19,2024-02-22 18:34:56
510,hearts,23,18.0,19,2024-02-22 18:35:01
511,hearts,25,18.0,21,2024-02-22 18:36:03
512,hearts,23,18.0,19,2024-02-22 18:36:07
513,hearts,21,18.0,17,2024-02-22 18:36:09
514,hearts,19,18.0,15,2024-02-22 18:36:11
515,hearts,18,19.0,14,2024-02-22 18:36:31
516,hearts,20,20.0,16,2024-02-22 18:39:05
517,hearts,21,20.0,17,2024-02-22 18:39:07
518,hearts,23,21.0,19,2024-02-22 18:39:32
519,hearts,25,21.0,21,2024-02-22 18:39:37
520,hearts,27,21.0,23,2024-02-22 18:39:39
521,hearts,30,21.0,26,2024-02-22 18:39:41
522,hearts,34,21.0,31,2024-02-22 18:39:45
523,hearts,36,21.0,32,2024-02-22 18:39:49
524,hearts,36,21.0,33,2024-02-22 18:39:50
525,hearts,39,21.0,36,2024-02-22 18:39:55
526,hearts,41,21.0,37,2024-02-22 18:39:57
527,hearts,43,21.0,39,2024-02-22 18:39:59
528,hearts,45,21.0,41,2024-02-22 18:40:03
529,hearts,44,21.0,40,2024-02-22 18:40:09
530,hearts,42,21.0,38,2024-02-22 18:40:11
531,hearts,40,21.0,36,2024-02-22 18:40:13
532,hearts,38,21.0,34,2024-02-22 18:40:15
533,hearts,36,21.0,32,2024-02-22 18:40:18
534,hearts,34,21.0,30,2024-02-22 18:40:20
535,hearts,32,21.0,28,2024-02-22 18:40:23
536,hearts,30,21.0,26,2024-02-22 18:40:26
537,hearts,28,21.0,24,2024-02-22 18:40:28
538,hearts,26,21.0,22,2024-02-22 18:40:30
539,hearts,27,21.0,23,2024-02-22 18:40:33
540,hearts,28,22.0,24,2024-02-22 18:41:04
541,hearts,30,22.0,26,2024-02-22 18:41:06
542,hearts,32,22.0,28,2024-02-22 18:41:09
543,hearts,33,23.0,29,2024-02-22 18:43:03
544,hearts,34,23.0,30,2024-02-22 18:43:05
545,hearts,35,23.0,31,2024-02-22 18:43:07
546,hearts,36,23.0,32,2024-02-22 18:43:08
547,hearts,35,23.0,31,2024-02-22 18:43:29
548,hearts,34,23.0,30,2024-02-22 18:43:31
549,hearts,33,23.0,29,2024-02-22 18:43:33
550,hearts,32,23.0,28,2024-02-22 18:43:41
551,hearts,30,23.0,26,2024-02-22 18:43:45
552,hearts,28,23.0,24,2024-02-22 18:43:54
553,hearts,29,24.0,25,2024-02-22 18:44:27
554,hearts,31,24.0,27,2024-02-22 18:44:28
555,hearts,33,25.0,29,2024-02-22 18:45:41
556,hearts,35,25.0,31,2024-02-22 18:45:42
557,hearts,36,25.0,32,2024-02-22 18:47:05
558,hearts,37,25.0,33,2024-02-22 18:47:07
559,hearts,38,25.0,34,2024-02-22 18:47:09
560,hearts,39,25.0,35,2024-02-22 18:47:11
561,hearts,40,25.0,36,2024-02-22 18:47:14
562,hearts,41,25.0,37,2024-02-22 18:47:16
563,hearts,43,25.0,39,2024-02-22 18:47:19
564,hearts,43,25.0,40,2024-02-22 18:47:23
565,hearts,44,25.0,40,2024-02-22 18:47:25
566,hearts,45,25.0,41,2024-02-22 18:47:27
567,hearts,44,25.0,40,2024-02-22 18:47:53
568,hearts,42,25.0,38,2024-02-22 18:47:55
569,hearts,39,25.0,35,2024-02-22 18:47:57
570,hearts,41,25.0,37,2024-02-22 18:48:00
571,hearts,43,26.0,39,2024-02-22 18:48:29
572,hearts,45,26.0,41,2024-02-22 18:48:31
573,hearts,48,26.0,45,2024-02-22 18:48:33
574,hearts,49,26.0,47,2024-02-22 18:48:36
575,hearts,49,26.0,47,2024-02-22 18:48:41
576,hearts,51,26.0,49,2024-02-22 18:48:44
577,hearts,53,26.0,51,2024-02-22 18:48:48
578,hearts,55,26.0,53,2024-02-22 18:48:49
579,hearts,57,26.0,55,2024-02-22 18:48:53
580,hearts,59,26.0,57,2024-02-22 18:49:07
581,hearts,61,26.0,59,2024-02-22 18:49:10
582,hearts,61,26.0,60,2024-02-22 18:49:13
583,hearts,62,26.0,60,2024-02-22 18:49:15
584,hearts,65,26.0,62,2024-02-22 18:49:20
585,hearts,63,26.0,60,2024-02-22 18:49:32
586,hearts,61,26.0,58,2024-02-22 18:49:34
587,hearts,59,26.0,56,2024-02-22 18:49:36
588,hearts,57,26.0,54,2024-02-22 18:49:38
589,hearts,58,27.0,55,2024-02-22 18:50:27
590,hearts,60,27.0,57,2024-02-22 18:50:29
591,hearts,61,27.0,58,2024-02-22 18:50:33
592,hearts,62,27.0,59,2024-02-22 18:50:36
593,hearts,60,28.0,57,2024-02-22 18:51:25
594,hearts,57,28.0,54,2024-02-22 18:51:27
595,hearts,55,28.0,52,2024-02-22 18:51:31
596,hearts,53,28.0,50,2024-02-22 18:51:33
597,hearts,52,28.0,48,2024-02-22 18:51:36
598,hearts,50,29.0,46,2024-02-22 18:52:53
599,hearts,46,29.0,42,2024-02-22 18:52:57
600,hearts,43,29.0,39,2024-02-22 18:53:00
601,hearts,41,29.0,37,2024-02-22 18:53:02
602,hearts,42,29.0,38,2024-02-22 18:53:04
603,hearts,38,29.0,34,2024-02-22 18:53:09
604,hearts,40,29.0,36,2024-02-22 18:53:32
605,hearts,42,29.0,38,2024-02-22 18:53:34
606,hearts,44,29.0,40,2024-02-22 18:53:42
607,hearts,46,29.0,42,2024-02-22 18:53:44
608,hearts,48,29.0,44,2024-02-22 18:53:46
609,hearts,50,29.0,46,2024-02-22 18:53:48
610,hearts,52,29.0,48,2024-02-22 18:53:50
611,hearts,54,29.0,50,2024-02-22 18:53:52
612,hearts,56,29.0,52,2024-02-22 18:53:56
613,hearts,53,30.0,49,2024-02-22 18:54:29
614,hearts,51,30.0,49,2024-02-22 18:54:32
615,hearts,53,30.0,50,2024-02-22 18:55:07
616,hearts,54,30.0,50,2024-02-22 18:55:09
617,hearts,55,30.0,51,2024-02-22 18:55:11
618,hearts,56,30.0,52,2024-02-22 18:55:13
619,hearts,58,30.0,54,2024-02-22 18:55:23
620,hearts,60,30.0,56,2024-02-22 18:55:25
621,hearts,61,30.0,57,2024-02-22 18:55:38
622,hearts,31,31.0,30,2024-02-22 18:55:57
623,hearts,33,31.0,32,2024-02-22 18:56:25
624,hearts,35,31.0,33,2024-02-22 18:56:28
625,hearts,37,31.0,35,2024-02-22 18:56:31
626,hearts,40,31.0,37,2024-02-22 18:56:33
627,hearts,41,31.0,38,2024-02-22 18:56:37
628,hearts,42,31.0,39,2024-02-22 18:56:41
629,hearts,051,32.0,49,2024-02-22 18:57:30
630,hearts,51,32.0,49,2024-02-22 18:57:33
631,hearts,52,32.0,50,2024-02-22 18:57:56
632,hearts,51,32.0,49,2024-02-22 18:58:26
633,hearts,50,32.0,48,2024-02-22 18:58:37
634,hearts,49,32.0,47,2024-02-22 18:58:39
635,hearts,48,32.0,46,2024-02-22 18:58:41
636,hearts,47,32.0,45,2024-02-22 18:58:48
637,hearts,46,32.0,44,2024-02-22 18:58:49
638,hearts,46,32.0,43,2024-02-22 18:58:54
639,clubs,022,1.0,20,2024-02-22 18:08:39
640,clubs,025,1.0,22,2024-02-22 18:09:41
641,clubs,020,1.0,17,2024-02-22 18:09:52
642,clubs,025,2.0,022,2024-02-22 18:10:34
643,clubs,028,3.0,025,2024-02-22 18:11:40
644,clubs,026,3.0,024,2024-02-22 18:12:03
645,clubs,024,3.0,021,2024-02-22 18:12:17
646,clubs,026,4.0,022,2024-02-22 18:13:09
647,clubs,027,5.0,25,2024-02-22 18:14:41
648,clubs,025,5.0,23,2024-02-22 18:14:52
649,clubs,027,5.0,25,2024-02-22 18:15:38
650,clubs,25,6.0,021,2024-02-22 18:16:57
651,clubs,020,7.0,016,2024-02-22 18:17:44
652,clubs,022,7.0,20,2024-02-22 18:18:17
653,clubs,018,8.0,015,2024-02-22 18:19:16
654,clubs,20,8.0,16,2024-02-22 18:19:39
655,clubs,21,9.0,17,2024-02-22 18:21:09
656,clubs,21,9.0,17,2024-02-22 18:21:10
657,clubs,19,9.0,15,2024-02-22 18:21:23
658,clubs,18,9.0,14,2024-02-22 18:21:37
659,clubs,20,9.0,16,2024-02-22 18:22:01
660,clubs,17,10.0,15,2024-02-22 18:22:18
661,clubs,17,10.0,14,2024-02-22 18:22:37
662,clubs,19,10.0,16,2024-02-22 18:23:01
663,clubs,20,10.0,18,2024-02-22 18:23:17
664,clubs,20,10.0,18,2024-02-22 18:23:38
665,clubs,17,11.0,15,2024-02-22 18:24:01
666,clubs,14,11.0,13,2024-02-22 18:25:01
667,clubs,15,11.0,13,2024-02-22 18:25:03
668,clubs,17,12.0,16,2024-02-22 18:25:42
669,clubs,18,12.0,16,2024-02-22 18:25:44
670,clubs,15,12.0,13,2024-02-22 18:25:49
671,clubs,17,12.0,15,2024-02-22 18:26:51
672,clubs,16,13.0,15,2024-02-22 18:27:25
673,clubs,18,13.0,17,2024-02-22 18:27:38
674,clubs,20,13.0,17,2024-02-22 18:27:39
675,clubs,18,14.0,15,2024-02-22 18:29:39
676,clubs,16,14.0,13,2024-02-22 18:29:43
677,clubs,20,15.0,17,2024-02-22 18:30:43
678,clubs,22,15.0,18,2024-02-22 18:30:46
679,clubs,15,16.0,12,2024-02-22 18:31:45
680,clubs,12,16.0,9,2024-02-22 18:31:57
681,clubs,11,16.0,8,2024-02-22 18:32:19
682,clubs,11,16.0,7,2024-02-22 18:32:21
683,clubs,9,16.0,5,2024-02-22 18:32:28
684,clubs,10,17.0,7,2024-02-22 18:33:29
685,clubs,12,17.0,9,2024-02-22 18:33:32
686,clubs,14,17.0,11,2024-02-22 18:33:38
687,clubs,17,17.0,13,2024-02-22 18:33:41
688,clubs,20,17.0,17,2024-02-22 18:33:46
689,clubs,17,17.0,14,2024-02-22 18:34:19
690,clubs,15,19.0,13,2024-02-22 18:36:58
691,clubs,14,19.0,12,2024-02-22 18:37:01
692,clubs,16,19.0,14,2024-02-22 18:37:19
693,clubs,12,21.0,10,2024-02-22 18:39:25
694,clubs,15,22.0,13,2024-02-22 18:41:20
695,clubs,12,23.0,10,2024-02-22 18:42:25
696,clubs,8,23.0,7,2024-02-22 18:42:29
697,clubs,6,23.0,5,2024-02-22 18:42:35
698,clubs,6,23.0,3,2024-02-22 18:42:39
699,clubs,4,23.0,3,2024-02-22 18:42:40
700,clubs,6,24.0,5,2024-02-22 18:44:35
701,clubs,9,24.0,5,2024-02-22 18:44:37
702,clubs,02,26.0,00,2024-02-22 18:48:19
